"Contact Id","First Name","Last Name","Phone","Email","Business Name","Created","Last Activity","Tags"
"b1MAPcoAXtk3ezhc1smG",,,"+441952752533",,,"2026-03-25T16:27:01+00:00","Mar 26 2026 11:27 AM",""
"IarGlk4no2WrRi38ndS2",,,,"info@graepels.com",,"2026-03-22T14:38:37+00:00","Mar 23 2026 04:45 PM","ni, new unopened"
"5aLeVH0PebGLhuFYeO2D",,,,"alan@kageengineering.co.uk",,"2026-03-22T14:38:37+00:00","Mar 23 2026 04:45 PM","ni, new unopened"
"wxMhuwztKNL6gmpYoGw2",,,,"info@a-c-technology.com",,"2026-03-22T14:38:37+00:00","Mar 23 2026 04:45 PM","ni, new unopened"
"fIQC25Gnn0BACl1Bmj6E",,,,"info@moyfabtool.com",,"2026-03-22T14:38:36+00:00","Mar 23 2026 04:45 PM","ni, new unopened"
"aO71RfLfMQgIJwBhJb1F",,,,"general@rjsmythengineering.com",,"2026-03-22T14:38:36+00:00","Mar 23 2026 04:45 PM","ni, new unopened"
"D6pkev0QT3xwiBrFkjLg",,,,"info@daanengineering.com",,"2026-03-22T14:38:36+00:00","Mar 23 2026 04:45 PM","ni, new unopened"
"mbSQJLEQOhCSwlG29BmA",,,,"sales@fastprofilecut.com",,"2026-03-22T14:38:35+00:00","Mar 23 2026 04:45 PM","ni, new unopened"
"aVKGMchQfPrhYCS91Sm5",,,,"brian@mulfabengineering.com",,"2026-03-22T14:38:35+00:00","Mar 23 2026 04:45 PM","ni, new unopened"
"mQofB2pNuZNuTkzKKzOD",,,,"sales@dmacengineering.com",,"2026-03-22T14:38:34+00:00","Mar 23 2026 04:45 PM","ni, unsubscribed"
"U6plM4fKcBQrd6l1mtYU",,,,"john.currie@curriefabtech.co.uk",,"2026-03-22T14:38:34+00:00","Mar 23 2026 04:45 PM","ni, new unopened"
"yhKD6dU9SPgsLZ75op72",,,,"info@jmsmetaltec.com",,"2026-03-22T14:38:34+00:00","Mar 23 2026 04:45 PM","ni, new unopened"
"hAJrnfLH4nOMXSDVLm61",,,,"info@ae-manufacturing.com",,"2026-03-22T14:38:33+00:00","Mar 23 2026 04:45 PM","ni, new unopened"
"M1Hz3KqgwySnyhSDNVAM",,,,"stephen@dmlaser-fab.co.uk",,"2026-03-22T14:38:33+00:00","Mar 23 2026 04:45 PM","ni, new unopened"
"JxD9ipzrPFrMgCJHBCxl",,,,"sales@kme-steelworks.com",,"2026-03-22T14:38:33+00:00","Mar 23 2026 04:45 PM","ni, new unopened"
"y2rLohBXZeEeE26ouPAK",,,,"neil@norwestengineering.co.uk",,"2026-03-22T14:38:32+00:00","Mar 23 2026 04:45 PM","new unopened"
"NuQ6leFZRFHCrMDMIOhn",,,,"sales@barrington-metalworks.co.uk",,"2026-03-22T14:38:32+00:00","Mar 23 2026 04:45 PM","new unopened"
"wldY4vxoaABevb90QvKR",,,,"info@a-tech.uk.com",,"2026-03-22T14:38:32+00:00","Mar 23 2026 04:45 PM","new unopened"
"GeTq4gXEAFUQEaiq5pNF",,,,"sales@mwamspecialistengineers.co.uk",,"2026-03-22T14:38:31+00:00","Mar 23 2026 04:45 PM","new unopened"
"x1IlRdWP1o51gPYx7zRC",,,,"reveriemetalco@gmail.com",,"2026-03-22T14:38:31+00:00","Mar 23 2026 04:45 PM","new unopened"
"YJrbPnPtqnx1ase910Ac",,,,"sales@pointeng.com",,"2026-03-22T14:38:30+00:00","Mar 23 2026 04:45 PM","new unopened"
"HO9rRjnZK9vR7VWB0gD5",,,,"sales@elbmetalworks.com",,"2026-03-22T14:38:30+00:00","Mar 23 2026 04:45 PM","new unopened"
"NfTJ2mjDTp2bimrWU2BF",,,,"enquiries@lpfabrication.co.uk",,"2026-03-21T20:52:43+00:00","Mar 23 2026 04:45 PM","new unopened"
"4dlGROcH5f15mxqSKLDZ",,,,"sales@rrengineering.com",,"2026-03-21T20:52:43+00:00","Mar 23 2026 04:45 PM","new unopened"
"XZZHR5o6KcYAfpDLLVKA",,,,"mail@play-scheme.co.uk",,"2026-03-21T20:52:42+00:00","Mar 23 2026 04:45 PM","new unopened"
"q0d3bPgLK6Hj7IiDQFB5",,,,"appliedlasersolutionsltd@gmail.com",,"2026-03-21T20:52:42+00:00","Mar 23 2026 04:45 PM","new unopened"
"euGJoUxDYyGD3Yho6HSm",,,,"info@tockwithprofiles.co.uk",,"2026-03-21T20:52:42+00:00","Mar 23 2026 04:45 PM","new unopened"
"6MrLDcse03IDt5YZXAld",,,,"sales@enterprise-uk.co.uk",,"2026-03-21T20:52:41+00:00","Mar 23 2026 04:45 PM","new unopened"
"v3IqN4jMYXGSZwCke3yZ",,,,"info@akstainlessltd.co.uk",,"2026-03-21T20:52:41+00:00","Mar 23 2026 04:45 PM","new unopened"
"MiJ3lZpXF0xqUcIdCdwv",,,,"info@zzenengineering.co.uk",,"2026-03-21T20:52:41+00:00","Mar 23 2026 04:45 PM","new unopened"
"Okr9bSrWYbCwq4rkjeo9",,,,"admin@jsr-engineers.co.uk",,"2026-03-21T20:52:40+00:00","Mar 23 2026 04:45 PM","bounced"
"R8338Nis99UV8LYEViRh",,,,"sales@sjs-laser.co.uk",,"2026-03-21T20:52:40+00:00","Mar 23 2026 04:45 PM","new unopened"
"l5wYcjltHrjyYyU0Bm1D",,,,"info@scstaintech.co.uk",,"2026-03-21T20:52:40+00:00","Mar 23 2026 04:45 PM","new unopened"
"k4sJjiIRq3fKsAm9GRlA",,,,"info@woldsworkshop.co.uk",,"2026-03-21T20:52:39+00:00","Mar 23 2026 04:45 PM","new unopened"
"oFOLlEHRHbvMzlLUPVe2",,,,"sales@harveyfabrication.com",,"2026-03-21T20:52:39+00:00","Mar 23 2026 04:45 PM","new unopened"
"Phl2IZaXFbAIDb466iby",,,,"info@mondrelog.com",,"2026-03-21T20:52:38+00:00","Mar 23 2026 04:45 PM","new unopened"
"gyrHNidyfVPf0UMC3N14",,,,"sales@metalworldeng.com",,"2026-03-21T20:52:38+00:00","Mar 23 2026 04:45 PM","new unopened"
"Qf6GduFaYlktMiNrscmu",,,,"info@pss-uk.com",,"2026-03-21T20:52:38+00:00","Mar 23 2026 04:45 PM","new unopened"
"y1IjHtVbWfGBXsfWAmxU",,,,"liamevans@akbryanmoulds.com",,"2026-03-21T20:52:37+00:00","Mar 23 2026 04:45 PM","new unopened"
"xWZYxDpWK0tmTeD0odPi",,,,"sales@ecam.co.uk",,"2026-03-21T20:52:37+00:00","Mar 23 2026 04:45 PM","new unopened"
"ChsAaz9WCumCAqdykgic",,,,"sales@plcomponents.co.uk",,"2026-03-21T20:52:37+00:00","Mar 23 2026 04:45 PM","unsubscribed"
"pZG3H48tSIZIzybdWrmf",,,,"sales@kmf.co.uk",,"2026-03-21T20:52:36+00:00","Mar 23 2026 04:45 PM","new unopened"
"2kAbR4Xf60PaRn9e3lwb",,,,"sales@dvmachining.co.uk",,"2026-03-21T20:52:36+00:00","Mar 23 2026 04:45 PM","new unopened"
"gVfSCFAdsfGk4CldCaYb",,,,"sales@jsjengineering.co.uk",,"2026-03-21T20:52:36+00:00","Mar 23 2026 04:45 PM","new unopened"
"vtawsYA5TqGMWnTR3C5r",,,,"designs@heycreate.co.uk",,"2026-03-21T20:52:35+00:00","Mar 23 2026 04:45 PM","new unopened"
"Su3mcf0mo3oOwR5R8jME",,,,"niki@hbhumphries.co.uk",,"2026-03-21T20:52:35+00:00","Mar 23 2026 04:45 PM","new unopened"
"xLfwwnM5IIzxlraRIBWr",,,,"sales@bdeltd.co.uk",,"2026-03-21T20:52:35+00:00","Mar 23 2026 04:45 PM","new unopened"
"jl8fR6LJfjPUZP7obF7r",,,,"sales@awbl.co.uk",,"2026-03-21T20:52:34+00:00","Mar 23 2026 04:45 PM","new unopened"
"1ASkMrLQZ4j9DJcmT7dJ",,,,"sales@c3engineering.co.uk",,"2026-03-21T20:52:34+00:00","Mar 23 2026 04:45 PM","new unopened"
"CE1I65xVXoMt3u0yRYSU",,,,"info@tbi.uk.com",,"2026-03-21T20:52:34+00:00","Mar 23 2026 04:45 PM","new unopened"
"1jy4L13cBdQQRWjLfcDs",,,,"info@dalesheetmetal.com",,"2026-03-21T20:52:33+00:00","Mar 23 2026 04:45 PM","new unopened"
"IefTxQIqKcEfPL0CDlnn",,,,"sales@laserfast.co.uk",,"2026-03-21T20:52:33+00:00","Mar 23 2026 04:45 PM","new unopened"
"PJS87QGmD1vIBctmNJsM",,,,"sales@peakeproducts.co.uk",,"2026-03-21T20:52:32+00:00","Mar 23 2026 04:45 PM","new unopened"
"vouwNtjwvFMlcDMkjMkG",,,,"info@campbellgrindlayengineering.com",,"2026-03-21T20:52:32+00:00","Mar 23 2026 04:45 PM","bounced"
"YsoTjVzxIjcZtE3v3Kyz",,,,"contact@mslaserservices.co.uk",,"2026-03-21T20:52:32+00:00","Mar 23 2026 04:45 PM","new unopened"
"7k5i12SsqEsouU5zoPSl",,,,"sales@jienco.co.uk",,"2026-03-21T20:52:31+00:00","Mar 23 2026 04:45 PM","new unopened"
"e0cpaKAo8hrp1EXMUx0Q",,,,"sales@mh-eng.co.uk",,"2026-03-21T20:52:31+00:00","Mar 23 2026 04:45 PM","new unopened"
"XRMGDPcYsaKEatcEhXWN",,,,"info@tailoredlaser.com",,"2026-03-21T20:52:30+00:00","Mar 23 2026 04:45 PM","new unopened"
"XtFRWiJp2wYbU9h1Cftq",,,,"info@sde.technology",,"2026-03-21T20:52:30+00:00","Mar 23 2026 04:45 PM","new unopened"
"zjTr6NHLfNsA6ebhFP5j",,,,"sales@ssfltd.uk",,"2026-03-21T20:52:30+00:00","Mar 23 2026 04:45 PM","new unopened"
"2knsadqqFpDahVhfW6Nz",,,,"sales@hollinbrow.co.uk",,"2026-03-21T20:52:29+00:00","Mar 23 2026 04:45 PM","new unopened"
"NtR3cRqpZh4h7GlzjjUm",,,,"sales@deltasheetmetal.co.uk",,"2026-03-21T20:52:29+00:00","Mar 23 2026 04:45 PM","bounced"
"M4Hg4OWKmYj6UGB7Hwhb",,,,"sales@foil-specialists.co.uk",,"2026-03-21T20:52:29+00:00","Mar 23 2026 04:45 PM","new unopened"
"AqwXuLqYViQxCkYvuWlI",,,,"sales@sysclad.co.uk",,"2026-03-21T20:52:28+00:00","Mar 23 2026 04:45 PM","new unopened"
"6OSSqgCqho5JxoVypw4n",,,,"sales@fabtechltd.co.uk",,"2026-03-21T20:52:28+00:00","Mar 23 2026 04:45 PM","new unopened"
"CMFuPu2zXoc7rZiwT0ib",,,,"sales@cimtek.co.uk",,"2026-03-21T20:52:27+00:00","Mar 23 2026 04:45 PM","new unopened"
"4sdWv51qlxyNhLAjt63y",,,,"cb@epicfabs.co.uk",,"2026-03-21T20:52:27+00:00","Mar 23 2026 04:45 PM","new unopened"
"86cGEfiy3xT2kwOYRhaw",,,,"info@precision-metals.co.uk",,"2026-03-21T20:52:27+00:00","Mar 23 2026 04:45 PM","new unopened"
"11GEMgbF0ahn9HU4Y41C",,,,"sales@cumbriaprofiling.co.uk",,"2026-03-21T20:52:26+00:00","Mar 23 2026 04:45 PM","new unopened"
"3CiRZNyxnroJWYzop6Vy",,,,"sales@arclasercutnfab.co.uk",,"2026-03-21T20:52:26+00:00","Mar 23 2026 04:45 PM","new unopened"
"tPxJ0572DB5VhKGQRFPy",,,,"info@kgmlaser.co.uk",,"2026-03-21T20:52:26+00:00","Mar 23 2026 04:45 PM","new unopened"
"cP5LTe8xPc5pLKw9X5cV",,,,"sales@yorkshireprofiles.co.uk",,"2026-03-21T20:52:25+00:00","Mar 23 2026 04:45 PM","new unopened"
"uijqxj0FguFgJmtne7OY",,,,"info@titchfieldgroup.com",,"2026-03-21T20:52:25+00:00","Mar 23 2026 04:45 PM","new unopened"
"ifD5eO3dRen1YpwxMlo3",,,,"uk.info@datumlaser.com",,"2026-03-15T20:29:43+00:00","Mar 16 2026 10:30 AM",""
"1GI8wcOpLr0yz0hRo1kI",,,,"info@beamandsparc.com",,"2026-03-15T20:29:42+00:00","Mar 16 2026 10:30 AM",""
"2XV2hIrs2fQuLopKyfsQ",,,,"fernfab@hotmail.co.uk",,"2026-03-15T20:29:42+00:00","Mar 16 2026 10:30 AM",""
"od82mSqwPFRj3aMM5Ga3",,,,"northshoremetalprofiles@gmail.com",,"2026-03-15T20:29:42+00:00","Mar 16 2026 10:30 AM",""
"1mKlrLlzsFbeDeOxWwBt",,,,"admin@inovad.co.uk",,"2026-03-15T20:29:41+00:00","Mar 16 2026 10:30 AM",""
"6PlPnplNiK10BfEnPh1H",,,,"fabrication@orionmis.co.uk",,"2026-03-15T20:29:41+00:00","Mar 16 2026 10:30 AM",""
"LQoc0x2DTDLn3HJVNcTt",,,,"projects@mtfabrications.co.uk",,"2026-03-15T20:29:41+00:00","Mar 16 2026 10:30 AM",""
"nj4rqWKM9dIqaSKH64nb",,,,"info@cirrus-laser.co.uk",,"2026-03-15T20:29:40+00:00","Mar 16 2026 10:30 AM",""
"LJ4JCrSCrHak5KCXBG2z",,,,"sales@colbridge.co.uk",,"2026-03-15T20:29:40+00:00","Mar 16 2026 10:30 AM",""
"AkBJBXcGg0cI7Vw6ewiS",,,,"info@recwelding.co.uk",,"2026-03-15T20:29:40+00:00","Mar 16 2026 10:30 AM",""
"1rF365BOfaRxj2c8Rf6S",,,,"office@varioengineering.co.uk",,"2026-03-15T20:29:39+00:00","Mar 16 2026 10:30 AM",""
"XAlxcCTeO38cUh7Dgefl",,,,"admin@opalfabrication.com",,"2026-03-15T20:29:39+00:00","Mar 16 2026 10:30 AM",""
"xrXVCTigFTL62UmLLJvS",,,,"sales@kentmetalfabricators.co.uk",,"2026-03-15T20:29:39+00:00","Mar 16 2026 10:30 AM",""
"8oGSFVCWiSTixzCB0NEw",,,,"info@barwellelectronic.co.uk",,"2026-03-15T20:29:38+00:00","Mar 16 2026 10:30 AM",""
"SA6awL5nDJA7ZmBjfduy",,,,"enquiries@toolmasters.net",,"2026-03-15T20:29:38+00:00","Mar 16 2026 10:30 AM",""
"wai9iEQgBRMm26KD0bLa",,,,"pawleandco@hotmail.com",,"2026-03-15T20:29:38+00:00","Mar 16 2026 10:30 AM",""
"CFBB2Rva5tCwijORl7x0",,,,"sales@campbellgroup.co.uk",,"2026-03-15T20:29:38+00:00","Mar 16 2026 10:30 AM",""
"MKtbMcBrZaf5835w2kDk",,,,"sales@mlfabcuts.com",,"2026-03-15T20:29:37+00:00","Mar 16 2026 10:30 AM",""
"ThntezYQGMQvh84KkfCr",,,,"sales@chopchoplaser.co.uk",,"2026-03-15T20:29:37+00:00","Mar 16 2026 10:30 AM",""
"7LhVKOSAQB9yqP8ht5D6",,,,"studio@lasercutworks.com",,"2026-03-15T20:29:37+00:00","Mar 16 2026 10:30 AM",""
"1tcCUOQrNUrePCG5GXyE",,,,"info@ghgl.co.uk",,"2026-03-15T20:29:36+00:00","Mar 16 2026 10:30 AM",""
"pyE6Em61So7hiYjcY0kW",,,,"sales@llpotters.co.uk",,"2026-03-15T20:29:36+00:00","Mar 16 2026 10:30 AM",""
"P5LtJjpowWSJKPvuQLRw",,,,"enquiries@lasercutsussex.com",,"2026-03-15T20:29:36+00:00","Mar 16 2026 10:30 AM",""
"V2nsc6skCa3h539Xnqc2",,,,"sales@wrwtech.co.uk",,"2026-03-15T20:29:35+00:00","Mar 16 2026 10:30 AM",""
"ME9bpDeUT4arXA2aMFfD",,,,"sales@mhhall.co.uk",,"2026-03-15T20:29:35+00:00","Mar 16 2026 10:30 AM",""
"qdP8ZZdVFvGJG2pMGdUw",,,,"sales@ldjmetal.co.uk",,"2026-03-15T20:29:35+00:00","Mar 16 2026 10:30 AM",""
"kiAaHZNG9NHZ6Cr20Ixt",,,,"ashley@jceng.co.uk",,"2026-03-15T20:29:34+00:00","Mar 16 2026 10:30 AM",""
"ok3uE86q55Bn3zEKgAQU",,,,"service@ripley-eng.co.uk",,"2026-03-15T20:29:34+00:00","Mar 16 2026 10:30 AM",""
"HfVbw4259Fk3JbKmtFvB",,,,"sales@dmsfab.co.uk",,"2026-03-15T20:29:34+00:00","Mar 16 2026 10:30 AM",""
"Hdfj22X2IjWpBY8OZ45k",,,,"sales@cylasertech.co.uk",,"2026-03-15T20:29:33+00:00","Mar 16 2026 10:30 AM",""
"NEGhUv8pWJjb2v0cjirn",,,,"info@geckometalworks.co.uk",,"2026-03-15T20:29:33+00:00","Mar 16 2026 10:30 AM",""
"dMFkU5i8fMHs7F3U2tU8",,,,"info@jslaserprofiles.com",,"2026-03-15T20:29:33+00:00","Mar 16 2026 10:30 AM",""
"oNlF7qGV9C7N0gnGlheQ",,,,"enquires@formitall-ltd.co.uk",,"2026-03-15T20:29:32+00:00","Mar 16 2026 10:30 AM",""
"tOTnFefHQqF9L1MfTMYM",,,,"sales@apogeei.co.uk",,"2026-03-15T20:29:32+00:00","Mar 16 2026 10:30 AM",""
"YLc1AptrrgUXZJxMC6tn",,,,"omnismech@gmail.com",,"2026-03-15T20:29:32+00:00","Mar 16 2026 10:30 AM",""
"p04WpCK1HiZf1TR4vUJI",,,,"luffmaneng@gmail.com",,"2026-03-15T20:29:31+00:00","Mar 16 2026 10:30 AM",""
"VCs76LKr3gKm31fnX6hp",,,,"info@dymondengineering.co.uk",,"2026-03-15T20:29:31+00:00","Mar 16 2026 10:30 AM",""
"rVnkB7iZyJyJreWfmZPY",,,,"info@smart-mfg.co.uk",,"2026-03-15T20:29:31+00:00","Mar 16 2026 10:30 AM",""
"csJdAfPJPGXIBFGf3ZtD",,,,"sales@bartlettengineering.co.uk",,"2026-03-15T20:29:30+00:00","Mar 16 2026 10:30 AM",""
"6yN5St0zjZ0E6JPfi8Gy",,,,"enquiries@toomersltd.co.uk",,"2026-03-15T20:29:30+00:00","Mar 16 2026 10:30 AM",""
"ocVmEJXhpmCNEAqfntzD",,,,"sales@lasercutting.wales",,"2026-03-15T20:29:30+00:00","Mar 16 2026 10:30 AM",""
"0Yt7q7vGH7a6iAt15u14",,,,"faberlaserco@gmail.com",,"2026-03-15T20:29:29+00:00","Mar 16 2026 10:30 AM",""
"eQ9Pz156b7AIQB3o1Vcf",,,,"quotations@cases-eng.co.uk",,"2026-03-15T20:29:29+00:00","Mar 16 2026 10:30 AM",""
"Sodose3ICyB9pCMj36jR",,,,"info@signaturestainless.co.uk",,"2026-03-15T20:29:29+00:00","Mar 16 2026 10:30 AM",""
"R2QfMuHoCuoxaS23gbKu",,,,"info@cagedlaser.co.uk",,"2026-03-15T20:29:28+00:00","Mar 16 2026 10:30 AM",""
"CWHrZHb5QqoGwMjid49O",,,,"weld-made@outlook.com",,"2026-03-15T20:29:28+00:00","Mar 16 2026 10:30 AM",""
"U7satjMG2dM2MARxvDrY",,,,"enquiries@kingfisher-pbf.com",,"2026-03-15T20:29:28+00:00","Mar 16 2026 10:30 AM",""
"Ei67W9TF1uEFn8o1Y9P5",,,,"carl@salesmade.co.uk",,"2026-03-15T20:29:27+00:00","Mar 16 2026 10:30 AM",""
"K2VUErYTSto7bPxzLwwL",,,,"info@bandzmetalcraft.co.uk",,"2026-03-15T20:29:27+00:00","Mar 16 2026 10:30 AM","unsubscribed"
"c9miVJUSWk2IJ6ABX9uD",,,,"sales@ashlandengineering.co.uk",,"2026-03-15T20:29:27+00:00","Mar 16 2026 10:30 AM",""
"5Suh3JI9YbeGVmPH6P4w",,,,"sales@spbmetalworks.co.uk",,"2026-03-15T20:29:26+00:00","Mar 16 2026 10:30 AM",""
"K4P2SE1LxcC9dpsAOTeQ",,,,"sales@islebest.co.uk",,"2026-03-15T20:29:26+00:00","Mar 16 2026 10:30 AM",""
"xXQue5tyWJNUVO8IBhdI",,,,"info@duppaengineering.com",,"2026-03-15T20:29:26+00:00","Mar 16 2026 10:30 AM",""
"n5qiBGxKeDJaSoO6Bs4K",,,,"sales@cjneng.co.uk",,"2026-03-15T20:29:25+00:00","Mar 16 2026 10:30 AM",""
"3uMj16ZUI4l0LIYvRKsH",,,,"sales@chasestead.co.uk",,"2026-03-15T20:29:25+00:00","Mar 16 2026 10:30 AM",""
"O8QQUfPqswp3jMOKH49T",,,,"info@lsfabrications.com",,"2026-03-15T20:29:25+00:00","Mar 16 2026 10:30 AM",""
"smIwS8neVvt50r1JwgoM","Josh","Brown","+447964340383","sales@cflsteelservices.co.uk","CFL Steel Services Ltd","2026-03-09T14:10:45+00:00","Mar 24 2026 02:12 PM",""
"mejUbaVPWJNCQUi7JR3I",,,,"sales@atcutting.co.uk",,"2026-03-07T21:22:53+00:00","Mar 09 2026 10:00 AM",""
"JgaHxVTsa2fv3Uc46Dna",,,,"info@shermaynes.co.uk",,"2026-03-07T21:22:52+00:00","Mar 09 2026 10:00 AM",""
"EUIwuC2TjVu4yzS7hMWR",,,,"info@daleside.co.uk",,"2026-03-07T21:22:52+00:00","Mar 09 2026 10:00 AM",""
"rZTh4wjzM60vhZbbDXOG",,,,"sales@garcross.co.uk",,"2026-03-07T21:22:51+00:00","Mar 09 2026 10:00 AM",""
"rXlxeEFlMgHkkJLsK4g8",,,,"enquiries@holbro.co.uk",,"2026-03-07T21:22:51+00:00","Mar 09 2026 10:00 AM",""
"qa2AA6tp8no41vWDmcIf",,,,"info@sewardprecision.co.uk",,"2026-03-07T21:22:51+00:00","Mar 09 2026 10:00 AM",""
"F7NcuDHnXKV5vdo3h01v",,,,"sales@culzeanengraving.com",,"2026-03-07T21:22:51+00:00","Mar 09 2026 10:00 AM",""
"Nt9UiCJxbkck2QMBdpxA",,,,"sales@covershield.co.uk",,"2026-03-07T21:22:50+00:00","Mar 09 2026 10:00 AM",""
"PwWwxyb8QCckF4K3znEp",,,,"sales@sterlingnorthern.com",,"2026-03-07T21:22:50+00:00","Mar 09 2026 10:00 AM",""
"YIWnZna0t9GNrqdeJo3f",,,,"enquiries@av-metals.co.uk",,"2026-03-07T21:22:50+00:00","Mar 09 2026 10:00 AM",""
"sVrQQJv9LHjOS4CgDULV",,,,"info.laser@metalcraftuk.com",,"2026-03-07T21:22:49+00:00","Mar 09 2026 10:00 AM",""
"chCwvTP9CIyIf7VMEGlC",,,,"sales@abilaser.com",,"2026-03-07T21:22:49+00:00","Mar 09 2026 10:00 AM",""
"Em7XCl9E95ZbUsieuviw",,,,"enquiries@dukinfieldmetal.co.uk",,"2026-03-07T21:22:49+00:00","Mar 09 2026 10:00 AM",""
"qkL6ebVRX4O9aOQTzEzI",,,,"cheshirelaser@mail.com",,"2026-03-07T21:22:48+00:00","Mar 09 2026 10:00 AM",""
"Hn4v1iLqRIYIFedMQcPD",,,,"office@iaq-ltd.com",,"2026-03-07T21:22:48+00:00","Mar 09 2026 10:00 AM",""
"DXtQ2isJGyw0Soudk7Pk",,,,"admin@daytonengineering.co.uk",,"2026-03-07T21:22:48+00:00","Mar 09 2026 10:00 AM",""
"VcQptGs7uW4E0j2u0flK",,,,"lmlcontact@lasermicromachining.com",,"2026-03-07T21:22:47+00:00","Mar 09 2026 10:00 AM",""
"ox2LtXWnicxuDIPHT7fD",,,,"engineering@diamondprecisionengineering.co.uk",,"2026-03-07T21:22:47+00:00","Mar 09 2026 10:00 AM",""
"fUqP3KtKvyaKKiwAlWTt",,,,"sales@steel-works.co.uk",,"2026-03-07T21:22:47+00:00","Mar 09 2026 10:00 AM",""
"kijgmrlHrqNCTNxy1GRM",,,,"sales@trenteng.co.uk",,"2026-03-07T21:22:46+00:00","Mar 09 2026 10:00 AM",""
"Jhf3J3Pu9xHaehBDCyTw",,,,"info@a13group.co.uk",,"2026-03-07T21:22:46+00:00","Mar 09 2026 10:00 AM",""
"HTZHmH5uyIsMdc0KUpA0",,,,"info@mellard.co.uk",,"2026-03-07T21:22:46+00:00","Mar 09 2026 10:00 AM",""
"dZ3kJu9b8fAbPOyR1oLF",,,,"web@dutton-eng.co.uk",,"2026-03-07T21:22:45+00:00","Mar 09 2026 10:00 AM",""
"zBXPNgvjUECV0Ooueoyx",,,,"sales@optima.co.uk",,"2026-03-07T21:22:45+00:00","Mar 09 2026 10:00 AM",""
"DD6rwk6DZkw3UCVNTjgR",,,,"sales@rglaser.co.uk",,"2026-03-07T21:22:45+00:00","Mar 09 2026 10:00 AM",""
"KqOINUQF4py7gSYhbASa",,,,"rob@repfab.co.uk",,"2026-03-07T21:22:44+00:00","Mar 09 2026 10:00 AM",""
"DBkIonfKxxdHLkP56tsT",,,,"mick@winfieldengineering.com",,"2026-03-07T21:22:44+00:00","Mar 09 2026 10:00 AM",""
"ZAI3xjHAb9iXh7MitHMB",,,,"sales@dgsprings.com",,"2026-03-07T21:22:44+00:00","Mar 09 2026 10:00 AM",""
"h3rPK05UNXVYyWKvFtPi",,,,"sales@deltechsheetmetal.co.uk",,"2026-03-07T21:22:43+00:00","Mar 09 2026 10:00 AM",""
"fV0iPfEcL9QYwHSYMTOg",,,,"sales@countyfabrications.com",,"2026-03-07T21:22:43+00:00","Mar 09 2026 10:00 AM",""
"OGfhsHglmlkCrZtGRKnZ",,,,"info@cubco.co.uk",,"2026-03-07T21:22:42+00:00","Mar 09 2026 10:00 AM",""
"XuB79k1GeQGMZnX2INTt",,,,"mail@valetree.co.uk",,"2026-03-07T21:22:42+00:00","Mar 09 2026 10:00 AM",""
"BbTA7sj3wia85t7m8u83",,,,"martin@dp2000sheetmetal.co.uk",,"2026-03-07T21:22:42+00:00","Mar 09 2026 10:00 AM",""
"LDElCZnT0g61FcYCHuQx",,,,"laser@quartzelec.com",,"2026-03-07T21:22:41+00:00","Mar 09 2026 10:00 AM",""
"J0piCNMNYAbXlgR1xXfk",,,,"enquiries@ddsmetal.co.uk",,"2026-03-07T21:22:41+00:00","Mar 09 2026 10:00 AM",""
"jiRpmsg04aZLeSsNtu2N",,,,"sales@apollosheetmetal.co.uk",,"2026-03-07T21:22:41+00:00","Mar 09 2026 10:00 AM",""
"VNIePHILwjH0nf9SfHYH",,,,"info@bmsengineering.co.uk",,"2026-03-07T21:22:40+00:00","Mar 09 2026 10:00 AM",""
"aRumBePzkSoYpJOJEWR4",,,,"mjeffs@mpjfabrications.co.uk",,"2026-03-07T21:22:40+00:00","Mar 09 2026 10:00 AM",""
"8OjQz8aNFVDOnuFyHn2r",,,,"info@aeoscroft.co.uk",,"2026-03-07T21:22:40+00:00","Mar 09 2026 10:00 AM",""
"jnpshjxujRxNjgzBOAUp",,,,"usm@usmltd.co.uk",,"2026-03-07T21:22:39+00:00","Mar 09 2026 10:00 AM",""
"dbg0P0QBQrB2WoBxprGA",,,,"sales@jabweldingservices.co.uk",,"2026-03-07T21:22:39+00:00","Mar 09 2026 10:00 AM",""
"WKF3WIgMO4HXSW6Z6Cyp",,,,"sales@sharp-laser.co.uk",,"2026-03-07T21:22:39+00:00","Mar 09 2026 10:00 AM",""
"DDoWeRE0dtZU3x7tfrzw",,,,"sales@pandreng.co.uk",,"2026-03-07T21:22:38+00:00","Mar 09 2026 10:00 AM",""
"bgWNaiQ57h6v4gnMOaqL",,,,"blueflamepr@hotmail.com",,"2026-03-07T21:22:38+00:00","Mar 09 2026 10:00 AM",""
"KG04bL4acsnu8CHMMOmX",,,,"sales@phoenixcuttingservices.co.uk",,"2026-03-07T21:22:38+00:00","Mar 09 2026 10:00 AM",""
"y58BCAQnjXwm8G6XZ5ZD",,,,"sales@flamekutprofiles.co.uk",,"2026-03-07T21:22:37+00:00","Mar 09 2026 10:00 AM",""
"aOvuDzbnBsGzoX7t1LOZ",,,,"glacadservices@yahoo.com",,"2026-03-07T21:22:37+00:00","Mar 09 2026 10:00 AM",""
"ias79zUfvmA6ONVFjgfA",,,,"info@afsservices.co.uk",,"2026-03-07T21:22:37+00:00","Mar 09 2026 10:00 AM",""
"b5eyhsfwNofH2CqXQ0Qg",,,,"sales@phoenixtavinor.co.uk",,"2026-03-07T21:22:36+00:00","Mar 09 2026 10:00 AM",""
"ae4Qkj3swlafmV5SZlFa",,,,"sales@dswilletts.co.uk",,"2026-03-01T19:24:05+00:00","Mar 02 2026 10:01 AM","opened"
"938jqadU3vuZwGtlG6Im",,,,"enquiries@metaloffcuts.co.uk",,"2026-03-01T19:24:05+00:00","Mar 02 2026 10:01 AM","delivered, bounced"
"mrnkBnQ8VzaVWTeV5mjM",,,,"info@hurfar.co.uk",,"2026-03-01T19:24:05+00:00","Mar 02 2026 10:01 AM","delivered"
"SJQSZNzwAvtMJ0LAGHh4",,,,"enquiries@southernlasercutting.com",,"2026-03-01T19:24:04+00:00","Mar 02 2026 10:01 AM","delivered"
"Jw4EewRqjdbCEBnpVvmI",,,,"sales@yorgrip.co.uk",,"2026-03-01T19:24:04+00:00","Mar 02 2026 10:01 AM","delivered"
"YvisL7pPwmYDGTVyaIyT",,,,"sales@nsigroup.co.uk",,"2026-03-01T19:24:04+00:00","Mar 02 2026 10:01 AM","opened"
"JbD6ulgkl0ZX20Xe3v8G",,,,"sales@phoenixlaser.co.uk",,"2026-03-01T19:24:03+00:00","Mar 02 2026 10:01 AM","delivered"
"JmwLZa2c0JhEMfVl0wny",,,,"sales@mhlaser.co.uk",,"2026-03-01T19:24:03+00:00","Mar 02 2026 10:01 AM","delivered"
"4TiEdggzbA4tz5ll8Y8r",,,,"sales@aemsteelprofiles.co.uk",,"2026-03-01T19:24:03+00:00","Mar 02 2026 10:01 AM","opened"
"3x3PiFWscgDGbxJTRt7r",,,,"sales@lakelandlaser.co.uk",,"2026-03-01T19:24:02+00:00","Mar 02 2026 10:01 AM","delivered"
"U2Z6avvwFOyJI58RfS1R",,,,"sales@laser-web.co.uk",,"2026-03-01T19:24:02+00:00","Mar 02 2026 10:01 AM","delivered"
"HVwjPiOTaj69ARugSl0T",,,,"sales@hlt.co.uk",,"2026-03-01T19:24:02+00:00","Mar 02 2026 10:01 AM","clicked, clicked new"
"XY4x1IN6d22F246vgTFH",,,,"sales@mplaser.co.uk",,"2026-03-01T19:24:01+00:00","Mar 02 2026 10:01 AM","opened"
"dRDf8wfBBXP6ZXXsZ4tW",,,,"sales@laserprofiling.net",,"2026-03-01T19:24:01+00:00","Mar 02 2026 10:01 AM","unsubscribed"
"wExIxXPIIw2VWT3LXLfZ",,,,"sales@fabtechsheetmetal.co.uk",,"2026-03-01T19:24:01+00:00","Mar 02 2026 10:01 AM","delivered"
"ohhh9QMA8QWLVQjA9yMV",,,,"sales@win-all.co.uk",,"2026-03-01T19:24:00+00:00","Mar 02 2026 10:01 AM","delivered"
"pbQVigzouix4B6pJdiJ2",,,,"spsales@sparta.co.uk",,"2026-03-01T19:24:00+00:00","Mar 02 2026 10:01 AM","delivered"
"gIIqmMoBT3QiZ72wHcPA",,,,"info@wrightform.com",,"2026-03-01T19:24:00+00:00","Mar 02 2026 10:01 AM","clicked, clicked new"
"IkUqVFJ6g6RranJOAwWF",,,,"sales@congletonlaser.co.uk",,"2026-03-01T19:23:59+00:00","Mar 02 2026 10:01 AM","delivered"
"vUCAzgQ65qGb4KGx2TUN",,,,"info@ashfordlasers.co.uk",,"2026-03-01T19:23:59+00:00","Mar 02 2026 10:01 AM","opened"
"yaXuKXlNZHays2EHXms1",,,,"enquiries@dragonlaser.co.uk",,"2026-03-01T19:23:59+00:00","Mar 02 2026 10:01 AM","clicked, clicked new"
"AXXhDr64lWBjcowR2ir5",,,,"sales@acornlaser.co.uk",,"2026-03-01T19:23:58+00:00","Mar 02 2026 10:01 AM","delivered"
"GT6E1g5uLjgqDHyCaxLO",,,,"info@hutchinson-engineering.co.uk",,"2026-03-01T19:23:58+00:00","Mar 02 2026 10:01 AM","clicked, clicked new"
"1GDgJaNuHgUcciEr4F6u",,,,"production@cymarc.co.uk",,"2026-03-01T19:23:58+00:00","Mar 02 2026 10:01 AM","delivered"
"HqHaTUNULGbKYaUQQ6rK",,,,"sales@westgatestainless.com",,"2026-03-01T19:23:57+00:00","Mar 02 2026 10:01 AM","clicked, clicked new"
"zJvFYysaHL9T4JxXCFHT",,,,"sales@acsteels.co.uk",,"2026-03-01T19:23:57+00:00","Mar 02 2026 10:01 AM","delivered"
"wwwCkoi67ajwVmc19nZW",,,,"info@formwork.co.uk",,"2026-03-01T19:23:56+00:00","Mar 02 2026 10:01 AM","delivered"
"6qI35r3p3AMNyQoAdP38",,,,"info@gps-limited.com",,"2026-03-01T19:23:56+00:00","Mar 02 2026 10:01 AM","opened"
"XsGDqovhnzfYagYheI0e",,,,"sales@harrissteels.co.uk",,"2026-03-01T19:23:56+00:00","Mar 02 2026 10:01 AM","opened"
"JZrvpIovC2vexg0qtLW0",,,,"info@hseng.co.uk",,"2026-03-01T19:23:55+00:00","Mar 02 2026 10:01 AM",""
"JvUvF7uyukSfxYagOpgh",,,,"sales@techworx.co.uk",,"2026-03-01T19:23:55+00:00","Mar 02 2026 10:01 AM","delivered"
"5EMSu1lUrL8QA6S1cbnW",,,,"sales@isteelfabrications.co.uk",,"2026-03-01T19:23:55+00:00","Mar 02 2026 10:01 AM","opened"
"kGXRpS9aqLjTZCiVKOac",,,,"info@midaslaser.co.uk",,"2026-03-01T19:23:54+00:00","Mar 02 2026 10:01 AM","delivered"
"fhaQkc0hmoGgAudqMs7j",,,,"sales@esplaser.com",,"2026-03-01T19:23:54+00:00","Mar 02 2026 10:01 AM","delivered"
"ndt9FWT27ox8kUZ235Av",,,,"enquiries@dvsf.co.uk",,"2026-03-01T19:23:54+00:00","Mar 02 2026 10:01 AM","delivered"
"AIwwyXH6Ew3uenon4Gjh",,,,"sales@simmal.co.uk",,"2026-03-01T19:23:54+00:00","Mar 02 2026 10:01 AM","delivered"
"J7HyqbkBWTJI4vYy0vMs",,,,"sales@stevegrahamsales.com",,"2026-02-22T13:58:59+00:00","Feb 23 2026 10:30 AM","clicked, clicked new"
"1kJD5YJov7rPk9P3FwJz",,,,"weld@jsteel.uk",,"2026-02-22T13:58:59+00:00","Feb 23 2026 10:30 AM","delivered"
"itobFzU2IEZdaE4mApA7",,,,"bridge@bridgefabs.com",,"2026-02-22T13:58:59+00:00","Feb 23 2026 10:30 AM","delivered"
"p0eKQ1V9Y6PFqSmfURik",,,,"sales@randdsheetmetal.co.uk",,"2026-02-22T13:58:58+00:00","Feb 23 2026 10:30 AM","delivered"
"z0dtLsXDJJhkAYkjVVrV",,,,"customer-service@macstrucks.co.uk",,"2026-02-22T13:58:58+00:00","Feb 23 2026 10:30 AM","delivered"
"6nLT2lSz2f34NCNjRp9w",,,,"enquiries@taylorbrosltd.co.uk",,"2026-02-22T13:58:58+00:00","Feb 23 2026 10:30 AM","delivered"
"sPHSgkd4zB3UnjEnpAhG",,,,"sales@allsops.co.uk",,"2026-02-22T13:58:58+00:00","Feb 23 2026 10:30 AM","opened"
"yQRa92EnGNIei8MdENme",,,,"laura@winfieldengineering.com",,"2026-02-22T13:58:57+00:00","Feb 23 2026 10:30 AM","clicked, clicked new"
"0qZCwLzxil9qWav7H209",,,,"sales@premierlasertube.co.uk",,"2026-02-22T13:58:57+00:00","Feb 23 2026 10:30 AM","opened"
"kcqTw8vPanFGabjDcFhZ",,,,"info@yorkshirelaser.co.uk",,"2026-02-22T13:58:57+00:00","Feb 23 2026 10:30 AM","delivered"
"iHaDJNuk5TBQsvQrZOrQ",,,,"enquiries@jacksonsfabs.co.uk",,"2026-02-22T13:58:56+00:00","Feb 23 2026 10:30 AM","delivered"
"hTHKAiZSUhnp23EayJ7m",,,,"info@pas-engineering.co.uk",,"2026-02-22T13:58:56+00:00","Feb 23 2026 10:30 AM","opened"
"7vi3JbtOwdCYFXetXMUR",,,,"info@pcfabrications.com",,"2026-02-22T13:58:56+00:00","Feb 23 2026 10:30 AM","opened"
"8Vw6MVmyUT6OALv9sOnV",,,,"sales@appliedmetal.co.uk",,"2026-02-22T13:58:55+00:00","Feb 23 2026 10:30 AM","opened"
"oN3VRzyHxNfZ9nJizHEX",,,,"info@orangeboxfinishing.co.uk",,"2026-02-22T13:58:55+00:00","Feb 23 2026 10:30 AM","clicked, clicked new"
"brBpLsCasfjARBrlUEeA",,,,"admin@pembrokeshireengineering.co.uk",,"2026-02-22T13:58:55+00:00","Feb 23 2026 10:30 AM","delivered"
"db0Pxvn0k9I22XXhy21J",,,,"info@primafabrications.co.uk",,"2026-02-22T13:58:54+00:00","Feb 23 2026 10:30 AM","opened"
"4CpZtEMskrGqypMjpJL4",,,,"info@precisionmicro.com",,"2026-02-22T13:58:54+00:00","Feb 23 2026 10:30 AM","clicked, clicked new"
"4RCXTDreYiyADSshsQAg",,,,"sales@lubetengineering.com",,"2026-02-22T13:58:54+00:00","Feb 23 2026 10:30 AM","opened"
"mJu9CXMuYLy7O8EqWXtX",,,,"office@powersystempartners.com",,"2026-02-22T13:58:53+00:00","Feb 23 2026 10:30 AM","clicked, clicked new"
"lefEcg45VyW8Kdw6doEE",,,,"sales@flexiblemachining.com",,"2026-02-22T13:58:53+00:00","Feb 23 2026 10:30 AM",""
"JSJAV7KDkPw8zk4bIF2B",,,,"fabricationsales@flexiblemachining.com",,"2026-02-22T13:58:53+00:00","Feb 23 2026 10:30 AM",""
"YfvC9xyJfuaznWIFKI33",,,,"info@anengineering.co.uk",,"2026-02-22T13:58:52+00:00","Feb 23 2026 10:30 AM","delivered"
"SipZX2jnSjZ5l8k4yECy",,,,"sales@themetalstore.co.uk",,"2026-02-22T13:58:52+00:00","Feb 23 2026 10:30 AM","delivered"
"7aC8RCrPuPhBJd2NHmXo",,,,"info@pmfltd.co.uk",,"2026-02-22T13:58:52+00:00","Feb 23 2026 10:30 AM","delivered"
"y38TrBgGEpXuuNt1iXEa",,,,"sales@cuttingedgelaser.co.uk",,"2026-02-22T13:58:51+00:00","Feb 23 2026 10:30 AM","clicked, clicked new"
"ReevoTOJ91BcnWBbEmYQ",,,,"info@coreengineering.co.uk",,"2026-02-22T13:58:51+00:00","Feb 23 2026 10:30 AM","opened"
"2olNK0YO4ConimjYEvfS",,,,"enquiries@kingsward.co.uk",,"2026-02-22T13:58:51+00:00","Feb 23 2026 10:30 AM","clicked, clicked new"
"cjtDkUw3NtPWGYeSv9of",,,,"sales@apsm.co.uk",,"2026-02-22T13:58:50+00:00","Feb 23 2026 10:30 AM","delivered"
"9gl50BsRDrQi34iK3j1U",,,,"curt@kmshardrange.co.uk",,"2026-02-22T13:58:50+00:00","Feb 23 2026 10:30 AM","delivered"
"iDnt4RpitwWSmeGqcUJ8",,,,"sales@prolaserltd.co.uk",,"2026-02-22T13:58:50+00:00","Feb 23 2026 10:30 AM","delivered"
"iXC7VXwv9wVquj22SrI6",,,,"swelco@altron.co.uk",,"2026-02-22T13:58:49+00:00","Feb 23 2026 10:30 AM","delivered"
"x9kfO0lekx6Mh2GcoKJ6",,,,"enquiries@laserlabwales.com",,"2026-02-22T13:58:49+00:00","Feb 23 2026 10:30 AM","delivered"
"TkCTnkrSk1iUZMC5F0dH",,,"+441509815727","weldingcapacity@btconnect.com",,"2026-02-21T19:00:17+00:00","Feb 23 2026 10:30 AM","delivered"
"hsSBHfIvDtgkoUjN6AAG",,,"+441215532949","subcon@lister.co.uk",,"2026-02-21T19:00:17+00:00","Feb 23 2026 10:30 AM","delivered"
"w4rnwIUXILrb0z96Shnx",,,"+441162697291","steveb@lpegroup.uk",,"2026-02-21T19:00:16+00:00","Feb 23 2026 10:30 AM","opened"
"D0tzX7drs8gLJboqnCib",,,"+441686621704","sales@rmfabrications.com",,"2026-02-21T19:00:16+00:00","Feb 23 2026 10:30 AM","clicked, clicked new"
"U34HZGTiGePWUYkXkfh6",,,"+441913037518","sales@q-laser.co.uk",,"2026-02-21T19:00:16+00:00","Feb 23 2026 10:30 AM","delivered"
"oKqVtEgogIHUrxCL1Vdx",,,"+441162671408","sales@microkerf.com",,"2026-02-21T19:00:15+00:00","Feb 23 2026 10:30 AM",""
"wT2mTjNG7OJLn2qYfx4d",,,"+441455283500","sales@marlboroughltd.com",,"2026-02-21T19:00:15+00:00","Feb 23 2026 10:30 AM","delivered"
"2nsK6GshNEnI0hdfHay9",,,"+441209821902","sales@lasermaster.co.uk",,"2026-02-21T19:00:14+00:00","Feb 23 2026 10:30 AM","delivered"
"q3KlsQyostntNrENArev",,,"+441384245095","sales@gflaser.co.uk",,"2026-02-21T19:00:14+00:00","Feb 23 2026 10:30 AM","delivered"
"FwHYiBrp3KeR19fSRIRV",,,"+441865821818","sales@esprecision.co.uk",,"2026-02-21T19:00:14+00:00","Feb 23 2026 10:30 AM","opened"
"NIh5nDOgj6BZ6GbAwnB5",,,"+441162841906","sales@countyfabrications.co.uk",,"2026-02-21T19:00:13+00:00","Feb 23 2026 10:30 AM","clicked, clicked new"
"D0RNr1sAISix3ZTMoY4k",,,"+441285653515","sales@broxton.com",,"2026-02-21T19:00:13+00:00","Feb 23 2026 10:30 AM","delivered"
"4eVwgLxni2ckP4QUjh6l",,,"+441162494440","sales@bpfabs.co.uk",,"2026-02-21T19:00:13+00:00","Feb 23 2026 10:30 AM","delivered"
"hnJpa8da4YpR7LdP4s32",,,"+441628488221","sales@active-engineering.co.uk",,"2026-02-21T19:00:12+00:00","Feb 23 2026 10:30 AM","delivered"
"I5B16K6BVlEio80xUfY1",,,"+441908644748","sales@abturnkey.co.uk",,"2026-02-21T19:00:12+00:00","Feb 23 2026 10:30 AM","opened"
"Rv7UKDWzLZ97cvrN2Jjw",,,"+441162832350","production@cncpunching.co.uk",,"2026-02-21T19:00:12+00:00","Mar 10 2026 10:32 AM","clicked, clicked new"
"bKGPsYuusmVifGcTsQXi",,,"+441162764706","office@dalta.co.uk",,"2026-02-21T19:00:11+00:00","Feb 23 2026 10:30 AM","delivered"
"XMIbtDfemyupsWk1JXVT",,,"+441162743430","nilesh@dalta.co.uk",,"2026-02-21T19:00:11+00:00","Feb 23 2026 10:30 AM","delivered"
"6cLQQbBCoB1tisJUrFqr",,,"+441273506080","joe@brightonlaser.com",,"2026-02-21T19:00:10+00:00","Feb 23 2026 10:30 AM","delivered"
"60n58h4ENtQAiK6ZvsmR",,,"+447958232281","jeremy.birch@leicsengineering.co.uk",,"2026-02-21T19:00:10+00:00","Feb 23 2026 10:30 AM","delivered"
"dasgqqI7dMYkwDZucmOx",,,"+441462674222","jack@jacknicholasgroup.co.uk",,"2026-02-21T19:00:10+00:00","Feb 23 2026 10:30 AM","opened"
"0LjH7aY91ArFDy6P31wZ",,,"+441274925220","info@yorkshirecuttingcompany.com",,"2026-02-21T19:00:09+00:00","Feb 23 2026 10:30 AM","clicked, clicked new"
"lzOcLbiEOIRsi3qRD88b",,,"+441245840035","info@xometry.uk",,"2026-02-21T19:00:09+00:00","Feb 23 2026 10:30 AM","opened"
"4qAcEXo6OPxY1UQRoaDJ",,,"+442476642221","info@subconlaser.co.uk",,"2026-02-21T19:00:09+00:00","Feb 23 2026 10:30 AM","delivered"
"3PB1epO8AIIHtJnLuuEM",,,"+441670343669","info@rclaserworks.co.uk",,"2026-02-21T19:00:08+00:00","Feb 23 2026 10:30 AM","delivered"
"rXVN6VmaQiWB32EHTK6O",,,"+441332224644","info@promex.co.uk",,"2026-02-21T19:00:08+00:00","Feb 23 2026 10:30 AM","delivered"
"xTKkU9XvXMGjZyzcL0Lt",,,"+441732740370","info@masterscnc.co.uk",,"2026-02-21T19:00:07+00:00","Feb 23 2026 10:30 AM","opened"
"0vCAHbKVSoymAWX63f24",,,,"info@mainemachining.com",,"2026-02-21T19:00:07+00:00","Feb 23 2026 10:30 AM","delivered"
"wk6XlqkWuAlCFqiJgPD6",,,"+447985470060","info@laserengraveuk.com",,"2026-02-21T19:00:07+00:00","Feb 23 2026 10:30 AM","delivered"
"hmD5Q0xUYc2DVkiCKMpJ",,,"+441509233280","info@jcmetalworks.co.uk",,"2026-02-21T19:00:06+00:00","Feb 23 2026 10:30 AM","delivered"
"1fH4Sj9qvg6ysBg1MM1h",,,"+441775670325","info@fentech.co",,"2026-02-21T19:00:06+00:00","Feb 23 2026 10:30 AM","delivered"
"RqRqitccOVr25VWQJvHb",,,"+441455823721","info@davidrossfabrications.co.uk",,"2026-02-21T19:00:06+00:00","Feb 23 2026 10:30 AM","delivered"
"mip2ObfB9WAfm1obTGtJ",,,"+441264527017","info@andoverlaser.co.uk",,"2026-02-21T19:00:05+00:00","Feb 23 2026 10:30 AM","clicked, clicked new"
"OJBgxtHHdwcNO3mofUhd",,,"+441162789420","hello@cutaboveuk.co.uk",,"2026-02-21T19:00:05+00:00","Feb 23 2026 10:30 AM","delivered"
"QRxKRZvQmdlqsmImFdDD",,,"+441162862209","enquiries@regentengineers.co.uk",,"2026-02-21T19:00:05+00:00","Feb 23 2026 10:30 AM","opened"
"qKq3ASrvIBBXoijy4QJx",,,"+441666576025","enquiries@gwalker-eng.co.uk",,"2026-02-21T19:00:04+00:00","Feb 23 2026 10:30 AM","opened"
"NYV0Bb6EJyqhecc22OgI",,,"+442038268911","enquiries@flexxgenix.com",,"2026-02-21T19:00:04+00:00","Feb 23 2026 10:30 AM","opened"
"0mYsvytABmgCsaGBQTp2",,,"+441455670012","enquiries@blackrow.co.uk",,"2026-02-21T19:00:04+00:00","Feb 23 2026 10:30 AM","clicked, clicked new"
"lFrhisUiFBzJHmc7oZUd",,,"+441706619681","enquiries@adlasercutting.co.uk",,"2026-02-21T19:00:03+00:00","Feb 23 2026 10:30 AM","clicked, clicked new"
"euSPkBngjr7sSGUCi4kE",,,"+441376780077","contactus@findtheneedle.co.uk",,"2026-02-21T19:00:03+00:00","Feb 23 2026 10:30 AM","delivered"
"JC2lqaVdRa73InhOJKOt",,,"+447403438500","carl@swiftlaser.com",,"2026-02-21T19:00:02+00:00","Feb 23 2026 10:30 AM",""
"Abvp8tbY99TsguQqE0Je",,,"+441527517120","arrow@lister.co.uk",,"2026-02-21T19:00:02+00:00","Feb 23 2026 10:30 AM","delivered"
"Cro7U6xkI19DAuzfwWii",,,"+441628482596","andy@sorb.co.uk",,"2026-02-21T19:00:02+00:00","Feb 23 2026 10:30 AM","delivered"
"UZ7n8GzAxqLlVFM2O7HE",,,"+441162869797","ady@barnettandshaw.co.uk",,"2026-02-21T19:00:01+00:00","Feb 23 2026 10:30 AM","opened"
"ebBbkttxbAgTzYKipqvx",,,"+441162625315","sales@rdltechnologies.co.uk",,"2026-02-21T19:00:01+00:00","Feb 23 2026 10:30 AM","opened"
"6osGQOg5ibUeYSvpad7P",,,,"sales@lilleker.co.uk",,"2026-02-21T19:00:01+00:00","Feb 23 2026 10:30 AM","delivered"
"z5fT7wJ8bf1hRt9zCg2T",,,"+441634227000","info@delga.co.uk",,"2026-02-21T19:00:00+00:00","Feb 23 2026 10:30 AM","opened"
"SSnoZd6PhmNB2dLzKuGj",,,"+441795479284","enquiries@contractsengineering.com",,"2026-02-21T19:00:00+00:00","Feb 23 2026 10:30 AM","delivered"
"00LGzBXIyPnme96YPD02",,,,"sales@tpsm.co.uk",,"2026-02-21T18:29:47+00:00","Feb 23 2026 10:30 AM","clicked, clicked new"
"32Ql9WRxh6fKHIY6INKu",,,,"info@24hreng.co.uk",,"2026-02-21T18:29:46+00:00","Feb 23 2026 10:30 AM","delivered"
"Cz2eZLfOP6PjnDd5gHEu",,,,"info@screencraft.co.uk",,"2026-02-21T18:29:46+00:00","Feb 23 2026 10:30 AM","delivered"
"uCpaFXOenM71lFsDrBwe",,,,"ja@stratfordprecision.co.uk",,"2026-02-21T18:29:46+00:00","Feb 23 2026 10:30 AM","opened"
"gZ57eF4Z0mLo2OeYyBL7",,,,"sales@laser24.co.uk",,"2026-02-21T18:29:45+00:00","Feb 23 2026 10:30 AM","opened"
"8Cxg52Rj7S36rmytmnu9",,,,"info@midland-laser.co.uk",,"2026-02-21T18:29:45+00:00","Feb 23 2026 10:30 AM","opened"
"EG4vfGplNDCVtHfdA0D5",,,,"info@prolaserservices.co.uk",,"2026-02-21T18:29:45+00:00","Feb 23 2026 10:30 AM","delivered"
"nZwuUiux2WNTRNjsUgWV",,,,"mail@steadandwilkins.co.uk",,"2026-02-21T18:29:44+00:00","Feb 23 2026 10:30 AM","delivered"
"GkZGvxj0A65oEGIbtByo",,,,"info@resurgem.co.uk",,"2026-02-21T18:29:44+00:00","Feb 23 2026 10:30 AM","delivered"
"lgyCzAWd2MAsJMAUuzIg",,,,"hello@ctrlasers.co.uk",,"2026-02-21T18:29:43+00:00","Feb 23 2026 10:30 AM","delivered"
"eOJbnrFC5zmrPC9pNKoT",,,,"info@mobileweldinglondon.co.uk",,"2026-02-21T18:29:43+00:00","Feb 23 2026 10:30 AM","delivered"
"vxwNJs287m7bXnHyxaM7",,,,"info@lgm-eng.co.uk",,"2026-02-21T18:29:43+00:00","Feb 23 2026 10:30 AM","opened"
"nciapUPF2jKvC7KC8L1X",,,,"info@ddkengineering.co.uk",,"2026-02-21T18:29:42+00:00","Feb 23 2026 10:30 AM","delivered"
"vXxAQQHSti1kKkjMYLMe",,,,"info@apollolasercutting.co.uk",,"2026-02-21T18:29:42+00:00","Feb 23 2026 10:30 AM","opened"
"jLu8cKjUgWeOmfVuZXkP",,,,"info@elsfab.co.uk",,"2026-02-21T18:29:42+00:00","Feb 23 2026 10:30 AM","unsubscribed"
"VnFMQ1u5sp0EO3UbeU73",,,,"sales@lasercutit.co.uk",,"2026-02-21T18:29:41+00:00","Feb 23 2026 10:30 AM","clicked, clicked new"
"XZiaJcuEE5kHp6bTou60",,,,"sales@pagsheetmetal.com",,"2026-02-21T18:29:41+00:00","Feb 23 2026 10:30 AM","delivered"
"nGSe7YX1B0IdexJBeHBy",,,,"northsales@hublebas.co.uk",,"2026-02-21T18:29:41+00:00","Feb 23 2026 10:30 AM","clicked, clicked new"
"YpSs0wNMIoROnLmDBovZ",,,,"westsales@hublebas.co.uk",,"2026-02-21T18:29:40+00:00","Feb 23 2026 10:30 AM","clicked, clicked new"
"kpsnuLrSWGADKb7672xj",,,,"glyn@tubebendform.co.uk",,"2026-02-21T18:29:40+00:00","Feb 23 2026 10:30 AM","opened"
"gOTWLCZegp5LHVyD8ToO",,,,"sales@highspeedlasers.co.uk",,"2026-02-21T18:29:40+00:00","Feb 23 2026 10:30 AM","clicked, clicked new"
"2vpsQpKUQcvBRktPCrKn",,,,"info@laserboost.com",,"2026-02-21T18:29:39+00:00","Feb 23 2026 10:30 AM","delivered"
"i0Dk2ZTDTquB4bhg0heu",,,,"support@geomiq.com",,"2026-02-21T18:29:39+00:00","Feb 23 2026 10:30 AM","opened"
"ZdeIRKOweSfFBmd20f84",,,,"sales@staffslaser.co.uk",,"2026-02-21T18:29:39+00:00","Feb 23 2026 10:30 AM","clicked, clicked new"
"JnBfIW2YYxX4hrE9UTQS",,,,"info@jsr-engineers.co.uk",,"2026-02-21T18:29:38+00:00","Feb 23 2026 10:30 AM",""
"KIGr7mjonQNfkJJZTCG2",,,,"info@mt-uk.com",,"2026-02-21T18:29:38+00:00","Feb 23 2026 10:30 AM","opened"
"1CBR8I38rkOzWxXQUdLE",,,,"sales@lsengineering.co.uk",,"2026-02-21T18:29:38+00:00","Feb 23 2026 10:30 AM","clicked, clicked new"
"o36aI21NIYzEwbFLAQFv",,,,"sales@exactlasercutting.co.uk",,"2026-02-21T18:29:37+00:00","Feb 23 2026 10:30 AM","clicked, clicked new"
"LfTzfWmOpfc5rmoMxNaK",,,,"info.uk@fractory.com",,"2026-02-21T18:29:37+00:00","Feb 23 2026 10:30 AM","opened"
"yx40lTAvgC15UNFKEkS8",,,,"sales@bradfordlaser.com",,"2026-02-21T18:29:37+00:00","Feb 23 2026 10:30 AM","clicked, clicked new"
"Ot6GMCsiV6WZYTeMZ1gM",,,,"sales@lasered.co.uk",,"2026-02-21T18:29:36+00:00","Feb 23 2026 10:30 AM",""
"HGqoPsbppC56BdppwmmV",,,,"info@prestige-fabrications.co.uk",,"2026-02-21T18:29:36+00:00","Feb 23 2026 10:30 AM","delivered"
"OjG6KR580AIzgC81ZQIt",,,,"help@unicornsheetmetal.com",,"2026-02-21T18:29:36+00:00","Feb 23 2026 10:30 AM","delivered"
"KqkVrRthobebZjNTI51k",,,,"sales@barrettsteel.com",,"2026-02-21T18:29:35+00:00","Feb 23 2026 10:30 AM","delivered"
"9QTVCmBRZW84lJ0ikQID",,,,"sales@jetcutit.com",,"2026-02-21T18:29:35+00:00","Feb 23 2026 10:30 AM","clicked, clicked new"
"Yq2NGrFpSNEqk5iK3Utk",,,,"davidsmith.fabsltd@gmail.com",,"2026-02-21T18:29:35+00:00","Feb 23 2026 10:30 AM","opened"
"qegECbFSvsdULLfcdjMv",,,,"deaneliteengraving@gmail.com",,"2026-02-21T18:29:34+00:00","Feb 23 2026 10:30 AM","opened"
"qiAsplLIzWLV3075QSnc",,,,"sales@pure-plastics.co.uk",,"2026-02-21T18:29:34+00:00","Feb 23 2026 10:30 AM","delivered"
"Ene1laFJfAWRSKECrJyN",,,,"uwebusiness@uwe.ac.uk",,"2026-02-21T18:29:34+00:00","Feb 23 2026 10:30 AM","clicked, clicked new"
"rzAOPrX4W4jpaaq98FLc",,,,"sales@mjpatch.co.uk",,"2026-02-21T18:29:33+00:00","Feb 23 2026 10:30 AM","clicked"
"nnmG4lO0LofbiCECPZke",,,,"sales@hocklynn.co.uk",,"2026-02-21T18:29:33+00:00","Feb 23 2026 10:30 AM","opened"
"4S9SAWLWIYhyjQxbHt2O",,,,"info@tinycuts.net",,"2026-02-21T18:29:32+00:00","Feb 23 2026 10:30 AM","delivered"
"KCOWzrT1NC7UMFIQXVQQ",,,,"info@processdevelopment.co.uk",,"2026-02-21T18:29:32+00:00","Feb 23 2026 10:30 AM","opened"
"jdl2Av6OLxh5d6is5AKW",,,,"dave@lwjenkins.co.uk",,"2026-02-21T18:29:32+00:00","Feb 23 2026 10:30 AM","opened"
"No2BGHJ68SRiBRyrUD6g",,,,"sales@lightninglaser.co.uk",,"2026-02-21T18:29:31+00:00","Mar 09 2026 01:30 PM","clicked, clicked new"
"TaAOSuZnhChaf6YqthUJ",,,,"dan.taylor@avonmouthsigns.com",,"2026-02-21T18:29:31+00:00","Feb 23 2026 10:30 AM","opened"
"qzjmO2mmwMHlO2iRXwOW",,,,"hello@gshedstudio.com",,"2026-02-21T18:29:31+00:00","Feb 23 2026 10:30 AM","delivered"
"fpaenSdXeursxPJCdQkS",,,,"info@frwarren.co.uk",,"2026-02-21T18:29:30+00:00","Feb 23 2026 10:30 AM","opened"
"WyivGkeKLbeYGn3ei4Yo",,,,"sales@smiths1972.co.uk",,"2026-02-21T18:29:30+00:00","Feb 23 2026 10:30 AM","delivered"
"ePBt6vLrru4ExEcJzT6h",,,,"info@bristolcreatives.co.uk",,"2026-02-21T18:29:30+00:00","Feb 23 2026 10:30 AM","opened"
"AYK1RIff5KJ7gcYCFA9P",,,,"sales@laserit.co.uk",,"2026-02-21T18:29:29+00:00","Feb 23 2026 10:30 AM","delivered"
"xnhSrLLGH96pi0gko0hc",,,,"sales@formrite.uk",,"2026-02-21T18:29:29+00:00","Feb 23 2026 10:30 AM","delivered"
"tdNZDD5zjXCKYRAJEAyF",,,,"sales@premierlaser.co.uk",,"2026-02-21T18:29:29+00:00","Feb 23 2026 10:30 AM","delivered"
"IeghWFJZyDPCI80HYXvZ",,,,"sales@fchammonds.co.uk",,"2026-02-21T18:29:28+00:00","Feb 23 2026 10:30 AM","opened"
"r3oI1iBWROdh8yBZzI0q",,,,"hello@bristoldesignforge.co.uk",,"2026-02-21T18:29:28+00:00","Feb 23 2026 10:30 AM","opened"
"jvXaPUbRkGigKwAa8dvK",,,,"sales@grailengineering.co.uk",,"2026-02-21T18:29:28+00:00","Feb 23 2026 10:30 AM","delivered"
"p9fWSICZr7lnH7ZdNjos",,,"+441354659444",,,"2026-02-20T11:03:39+00:00","Feb 20 2026 11:03 AM",""
"u5VKB1Ct7XE3rhayDELA","Carlton laser",,,"sales@carltonlaser.co.uk",,"2026-02-19T21:17:18+00:00","Feb 19 2026 09:17 PM",""
"kh10mqjsAPVC5ajRxork","Think laser",,,"info@thinklaser.com",,"2026-02-19T21:16:25+00:00","Feb 19 2026 09:16 PM",""
"NPGCmbS8sontHOg4h3Ws",,,"+441785818233","info@xtraweldservices.com","Xtra Weld","2026-02-16T20:13:30+00:00","Feb 17 2026 08:52 AM","delivered"
"wrcPJ8uQWYv6ZLFqsl6a",,,"+441274661824","enquiries@wmspence.co.uk","WM Spence","2026-02-16T20:13:30+00:00","Feb 17 2026 08:52 AM","delivered"
"ni6fpLoIPGCvPJfZogW5",,,,"general@velden.co.uk","Velden","2026-02-16T20:13:30+00:00","Feb 17 2026 08:52 AM",""
"jvDDeMqfnpzHliKZeA5n",,,"+447757174197","sales@tneltd.com","True North Engineering","2026-02-16T20:13:29+00:00","Feb 17 2026 08:52 AM","delivered"
"xduuoxGutsu7DGBGsV18",,,"+441142420101","sales@lasercutting.co.uk","The Laser Cutting Co","2026-02-16T20:13:29+00:00","Feb 17 2026 08:52 AM","delivered"
"87A5Rbj3R6dBcoLkZVvn",,,"+441215445808","sales@stephensgaskets.co.uk","Stephens Gaskets","2026-02-16T20:13:29+00:00","Feb 17 2026 08:52 AM",""
"b95xyJwbsubkjU4kts6t",,,"+441142725996","sales@steelgram.co.uk","SteelGram Fabrications","2026-02-16T20:13:28+00:00","Feb 17 2026 08:52 AM","delivered"
"t5BaGvN2tKJ0rzzk4D6x",,,"+441142720283","sales@starweld.co.uk","Starweld Engineering","2026-02-16T20:13:28+00:00","Feb 17 2026 08:52 AM","delivered"
"QhPnK2mRVxCfKVgb2SK5",,,"+441616391400","sales@specialistmetalfabrications.co.uk","Specialist Metal Fabrications","2026-02-16T20:13:28+00:00","Feb 17 2026 08:52 AM","delivered"
"CYndjnX8Z6y46HHyrcs1",,,"+441926298292","sales@sheetmetalindustries.com","Sheet Metal Industries","2026-02-16T20:13:27+00:00","Feb 17 2026 10:48 AM",""
"2Pcd48QriZxulwwsaN3Z",,,"+441143452222","sales@sevenhillsfabrication.com","Seven Hills Fabrication","2026-02-16T20:13:27+00:00","Feb 17 2026 08:52 AM","delivered"
"lfgEi2Fzu0Nc8TqjiHgJ",,,"+441205270128","parts@scottsuk.com","Scotts UK","2026-02-16T20:13:27+00:00","Feb 17 2026 08:52 AM","unsubscribed"
"sk1hE7NBzZa9P8qzEody",,,"+441159269649","info@sasm.co.uk","SASM","2026-02-16T20:13:26+00:00","Feb 17 2026 08:52 AM",""
"fGW3XBLUI1QVj7U0PgC9",,,"+441619250170","enquiries@salfordengineering.co.uk","Salford Engineering solutions","2026-02-16T20:13:26+00:00","Feb 17 2026 08:52 AM","delivered"
"7TwwHntUdBjqufj0dMeS",,,"+441217730465","sales@rochfordengineering.co.uk","Rochford Engineering","2026-02-16T20:13:26+00:00","Feb 17 2026 08:52 AM","delivered"
"jzcMgYHc1r3SgRncs3te",,,,"sales@rmifab.co.uk","RMI Ltd","2026-02-16T20:13:25+00:00","Feb 17 2026 08:52 AM","delivered"
"YAB523LRZ1RJ5hp9OhQE",,,"+441530510224","sales@rdmoore.com","RD Moore","2026-02-16T20:13:25+00:00","Feb 17 2026 08:52 AM","opened"
"WNbPLqECjVlXHrC2c754",,,"+441354658787","sales@qualitetch.com","Qualitetch","2026-02-16T20:13:25+00:00","Feb 17 2026 08:52 AM","delivered"
"Q61EjmF4DCbxe12iaPsF",,,"+441405746030","purex@purex.co.uk","Purex","2026-02-16T20:13:24+00:00","Feb 17 2026 08:52 AM",""
"2u04hXoJvWIPcSmUfD8P",,,"+441142737252","pjprojectsfabs@gmail.com","PJ Projects","2026-02-16T20:13:24+00:00","Feb 17 2026 08:52 AM","delivered"
"IZJTIzr4AFitxZMMWaXC",,,"+441142422733","tony@parkwayfabrications.co.uk","Parkway Fabrications","2026-02-16T20:13:23+00:00","Feb 17 2026 08:52 AM","delivered"
"CyVbv6CXLowWjf8Jt4Dx",,,"+441159614744","info@parjacks.com","Par Jacks","2026-02-16T20:13:23+00:00","Feb 17 2026 08:52 AM","delivered"
"oZT9A4qvdmiNtqA2XVL1",,,"+441213280660","sales@nu-gears.com","NU Gears","2026-02-16T20:13:23+00:00","Feb 17 2026 08:52 AM","delivered"
"j37AA5oWydUVQRdUTzSh",,,"+441524846987","sales@normesh.co.uk","Normesh","2026-02-16T20:13:22+00:00","Feb 17 2026 08:52 AM","delivered"
"Dtolv0cM3HRvOwN3XmtX",,,"+441527514894","sales@mtplaser.co.uk","MTP Laser","2026-02-16T20:13:22+00:00","Feb 17 2026 08:52 AM","opened"
"qy7puojuBY2YLbOvgfbr",,,"+441142722227","mfabssteel@gmail.com","Mfabs Fabrication","2026-02-16T20:13:21+00:00","Feb 17 2026 08:52 AM","delivered"
"DLDtDC6nP89nVdXXLtZ1",,,"+441162614300","sales@masonking.co.uk","Mason King","2026-02-16T20:13:21+00:00","Feb 17 2026 08:52 AM",""
"lzokYqRe3B6oIay1CzKq",,,"+441142728456","info@madeinsheffield.org","Made In Sheffield","2026-02-16T20:13:21+00:00","Feb 17 2026 08:52 AM","delivered"
"BPbNhzTb2F4z5MbCuwSi",,,"+441159794448","sales@mtechengineering.co.uk","M Tech Engineering","2026-02-16T20:13:20+00:00","Feb 17 2026 08:52 AM","opened"
"sEdUr3sP7O5uiHqT2Gm3",,,"+441249561049","info@liontek.co.uk","Liontek","2026-02-16T20:13:20+00:00","Feb 17 2026 08:52 AM","opened"
"2KvsaDprDRg70YH51QZ0",,,"+441156485813","sales@laserbend.uk","Laserbend","2026-02-16T20:13:20+00:00","Feb 17 2026 08:52 AM",""
"LR80zSJNntCzyUvE2LIV",,,"+441623515545","sales@laser-online.co.uk","Laser Sheet Metal Fabrication","2026-02-16T20:13:19+00:00","Feb 17 2026 08:52 AM","opened"
"15FbfgfwlKSECY68Hi04",,,"+441752841700","sales@laser.co.uk","Laser Precision Cutting","2026-02-16T20:13:19+00:00","Feb 17 2026 08:52 AM","delivered"
"CRXsWp7k84QznpiWRzfG",,,"+441159851273","sales@laserexp.co.uk","Laser Expertise","2026-02-16T20:13:18+00:00","Feb 17 2026 08:52 AM","opened"
"i7LUw1WRAhQWmj3czEG6",,,"+441614824466","sales@lasercentreuk.co.uk","Laser Centre UK","2026-02-16T20:13:18+00:00","Feb 17 2026 08:52 AM","opened"
"zfqBUW24HZLY1ewVbsn4",,,"+441332814080","info@knoxfordfabrications.co.uk","Knoxford Fabrications","2026-02-16T20:13:18+00:00","Feb 17 2026 08:52 AM","opened"
"UDloHWby9wvgwV0L8IRH",,,"+441214563141","sales@kirmell.co.uk","Kirmell","2026-02-16T20:13:17+00:00","Feb 17 2026 08:52 AM","delivered"
"ptPaFBaaZC8TUNJmetBj",,,"+441618508920","sales@jwlaser.co.uk","JW Laser","2026-02-16T20:13:17+00:00","Feb 17 2026 08:52 AM",""
"ObnccvcNF1NryFad0Mse",,,"+441418922000","enquiries@jgbsteelcraft.co.uk","JGB Steel Craft","2026-02-16T20:13:17+00:00","Feb 17 2026 08:52 AM","delivered"
"U7z5XKNOnVPXOSoBAWMm",,,"+447393314381","enquiries@jtekengineering.co.uk","J Tek Engineering","2026-02-16T20:13:16+00:00","Feb 17 2026 08:52 AM","opened"
"XFyPZMs2RjFh12NUSM2E",,,"+441159200018","enquiries@intersealuk.co.uk","Interseal UK","2026-02-16T20:13:16+00:00","Feb 17 2026 08:52 AM","delivered"
"IRMXDZDrhl5WlPb7BMf6",,,"+441606654590","sales@hfabs.co.uk","Hughes Fabrications","2026-02-16T20:13:16+00:00","Feb 17 2026 08:52 AM","delivered"
"v6fArRdTNJio9d8Ewnny",,,"+441159272840","sales@hucknallsheetmtl.co.uk","Hucknall Engineering","2026-02-16T20:13:15+00:00","Feb 17 2026 08:52 AM","delivered"
"xJV3Ew8s0NtPMJTL0fW0",,,"+441427874727","sales@harrisonslasertech.co.uk","Harrisons Laser Tech","2026-02-16T20:13:15+00:00","Feb 17 2026 08:52 AM","opened"
"vqgcr7zmag21zZECzpKF",,,"+441942883745","lee@hamiltonfab.co.uk","Hamilton Fabrications (HFL)","2026-02-16T20:13:15+00:00","Feb 17 2026 08:52 AM","delivered"
"ikyXjfwl5OsLvCNSbhxs",,,"+441616533443","sales@greengatemetal.co.uk","Greengate Metal","2026-02-16T20:13:14+00:00","Feb 17 2026 08:52 AM","delivered"
"cZrioHZ9poEfYQqVXdZo",,,,"sales@graham-eng.co.uk","Graham engineering","2026-02-16T20:13:14+00:00","Feb 17 2026 08:52 AM",""
"jHHsobt2LW5KX8hubLnP",,,"+441616818387","info@framosfabrications.co.uk","Framos Fabrications","2026-02-16T20:13:13+00:00","Feb 17 2026 08:52 AM","delivered"
"4jVbaFG5ReWGXvSZaANl",,,"+441909774836","sales@femltd.co.uk","FEM Ltd","2026-02-16T20:13:13+00:00","Feb 17 2026 08:52 AM","delivered"
"gLy96dJORJPJQgzOFeC8",,,"+441159443428","enquiries@fclaser.co.uk","FC Laser","2026-02-16T20:13:13+00:00","Feb 17 2026 08:52 AM","delivered"
"ztgFdSM0pBxrPN3XvqDJ",,,"+441156660551","sales@exactprecision.co.uk","Exact Precision Engineering","2026-02-16T20:13:12+00:00","Feb 17 2026 08:52 AM","unsubscribed"
"qeAXqb6xWyrolTmAhEmI",,,"+441142485882","sales@etmblades.com","ETM Blades","2026-02-16T20:13:12+00:00","Feb 17 2026 08:52 AM","delivered"
"zYIOHApXVmYL7EQhDI3x",,,"+441159755787","info@essentialfabrications.co.uk","Essential Fabrications","2026-02-16T20:13:12+00:00","Feb 17 2026 08:52 AM","delivered"
"UJ78vyaV2d00ay3m7Q38",,,"+441142611126","info@ekspan.com","Ekspan","2026-02-16T20:13:11+00:00","Feb 17 2026 08:52 AM","delivered"
"NEoa7BscGunYnGrnQZTQ",,,,"eastmidlandslaserfabs@gmail.com","East Midlands Laser Fab","2026-02-16T20:13:11+00:00","Feb 17 2026 08:52 AM","opened"
"KE6ej5sk3cTwCp5PnF7o",,,"+441142697892","daniel.mott291@btinternet.com","DM Fabrications","2026-02-16T20:13:10+00:00","Feb 17 2026 08:52 AM","opened"
"s2LqJZFa0rxsijtdH0bo",,,"+441246260058","info@directeng.co.uk","Direct Engineering","2026-02-16T20:13:10+00:00","Feb 17 2026 08:52 AM",""
"RlDcEotYEeFDZqGq5IqG",,,"+441226283322","service@cut-tec.co.uk","Cut Tec","2026-02-16T20:13:09+00:00","Feb 17 2026 08:52 AM","delivered"
"U1ohyK4jqhEXK0e5Aykf",,,"+441773308889","sales@curvecraft.com","Curve Craft","2026-02-16T20:13:09+00:00","Feb 17 2026 08:52 AM","opened"
"w4C02P1s9jRGobbB5Or3",,,"+448453132752","info@constantgroup.co.uk","Constant Group","2026-02-16T20:13:08+00:00","Feb 17 2026 08:52 AM",""
"bdKikCOuw8hmCxNWG2FG",,,"+441413548975","enquiry@clieosupplies.com","Clieo Supplies","2026-02-16T20:13:08+00:00","Feb 17 2026 08:52 AM","delivered"
"OLs9oCHSOSxR3qJQdht3",,,"+441142445544","sales@daysteel.co.uk","Charles Day Steels","2026-02-16T20:13:07+00:00","Feb 17 2026 08:52 AM","delivered"
"7ee2QYTVE3WDRFatd6ll",,,"+441217735222","sales@chbarnett.co.uk","CH Barnett","2026-02-16T20:13:07+00:00","Feb 17 2026 08:52 AM","delivered"
"WUA2nKofisL9RlKqEVgp",,,"+441159753602","info@cavaliersheetmetal.co.uk","Cavalier Sheet Metal","2026-02-16T20:13:07+00:00","Feb 17 2026 08:52 AM","opened"
"Q7RqVSddFBJWe7k3huQf",,,"+441942246228","enquiries@canhandling.com","Can Handling","2026-02-16T20:13:06+00:00","Feb 17 2026 08:52 AM","delivered"
"09KoCzbp1TTmEHqy3GqT",,,"+441142347567","info@csfabs.co.uk","C&S Fabrications","2026-02-16T20:13:06+00:00","Feb 17 2026 08:52 AM","opened"
"AkI4UQfB3QqBTNTP91RE",,,"+441977670067","enquiries@candcfabrications.co.uk","C&C Fabrications","2026-02-16T20:13:06+00:00","Feb 17 2026 08:52 AM",""
"0rEjzGzueKIzVRzViW6B",,,"+441159611838","info@burlington-fabrications.co.uk","Burlington Fabrications","2026-02-16T20:13:05+00:00","Feb 17 2026 08:52 AM",""
"F50ACvOxABtsJHEuvXPz",,,"+441582415933","sales@borderengineering.co.uk","Border Engineering","2026-02-16T20:13:05+00:00","Feb 17 2026 08:52 AM",""
"IDdcTKui1NaHPMiUNUl5",,,"+448703507767","sales@businessmagnet.co.uk","Blagg & Johnson","2026-02-16T20:13:04+00:00","Feb 17 2026 08:52 AM","delivered, bounced"
"U7mK5FoYCeCczbOi2gxC",,,"+441623744295","sales@arromax-engineering.co.uk","Arrowmax Engineering","2026-02-16T20:13:04+00:00","Feb 17 2026 08:52 AM","delivered"
"AAfiIxIV9hJE9Am9WQOM",,,"+441773861111","mail@ai-fabrications.co.uk","AI Fabrications","2026-02-16T20:13:04+00:00","Feb 17 2026 08:52 AM","opened"
"tYfsystA8t3KmiVpLEan",,,"+441142475725","sales@aetuk.com","AET UK","2026-02-16T20:13:03+00:00","Feb 17 2026 08:52 AM","delivered"
"U8iQZz6oze2B5CYJhgV1",,,"+441162444999","enquiry@adslaser.co.uk","ADS Laser Cutting","2026-02-16T20:13:03+00:00","Feb 17 2026 08:52 AM","clicked, clicked old"
"BEiZ1SHhtYFXphdrkVYp",,,"+441215202444","sales@accurate-laser.co.uk","Accurate Laser","2026-02-16T20:13:03+00:00","Feb 17 2026 08:52 AM","delivered"
"tzKWwqWfJvGYJZgqRO1t",,,"+441623325041","sales@firstfabs.co.uk","1st Fabs Ltd","2026-02-16T20:13:02+00:00","Feb 17 2026 08:52 AM","opened"
"dJeDZK9eBZ9oxeHEmsLX",,,"+442476361762","sales@profabcoventry.com","Profab Coventry","2026-02-16T20:13:02+00:00","Feb 17 2026 08:52 AM",""
"BJsopTA1cREc8NYSzZaI",,,,"wilkinsj@wolvcoll.ac.uk","Wolverhampton College","2026-02-14T13:27:41+00:00","Feb 16 2026 08:30 AM","clicked, clicked old"
"oDsRqkk709YaOkPgRYMS",,,,"a.kyprianou@wmgacademy.org.uk","WMG Academy London","2026-02-14T13:27:40+00:00","Feb 16 2026 08:30 AM","delivered"
"3zGpn1khC1MDolvmNmVi",,,,"k.knight@wmgacademy.org.uk","WMG Academy Coventry","2026-02-14T13:27:40+00:00","Feb 16 2026 08:30 AM","delivered"
"06Os3F1GYYRJvohKzk2O",,,,"ads@whitgift.co.uk","Whitgift School","2026-02-14T13:27:40+00:00","Feb 16 2026 08:30 AM","opened"
"3rjNmLR0r1nPCr9nCPIN",,,,"paulrowe@wessingtoncryogenics.com","Wessington Cryogenics","2026-02-14T13:27:39+00:00","Feb 16 2026 08:30 AM","delivered"
"1IXzlGbWdhG7smDRoRBB",,,,"mike@utssalesandrepair.co.uk","UTS Sales and Repair","2026-02-14T13:27:39+00:00","Feb 16 2026 08:30 AM","opened"
"3QjJ9wldmosVkjqdpYuI",,,,"b.lear@hud.ac.uk","University of Hudderfield","2026-02-14T13:27:39+00:00","Feb 16 2026 08:30 AM",""
"WTV9rLNZ1UWmizzSUsXS",,,,"jwevill@tubetekuk.com","Tubetech","2026-02-14T13:27:38+00:00","Feb 16 2026 08:30 AM","opened"
"oIycW1BLneNnjNbHUWYK",,,,"chris@tlauk.net","TLA electrical Distributors","2026-02-14T13:27:38+00:00","Feb 16 2026 08:30 AM","clicked, clicked old"
"7s7vfdl8KUCpLY1rkBhm",,,,"mattbingham@titansteelwheels.com","Titan Steel Wheels","2026-02-14T13:27:38+00:00","Feb 16 2026 08:30 AM","clicked, clicked old"
"bdLkYi9vOUTVIMV23Upp",,,,"dennis@spirewindows.com","Thermotech Roofing Systems","2026-02-14T13:27:38+00:00","Feb 16 2026 08:30 AM","opened"
"LAtvUhhIWyuRTjMfAx44",,,,"chrisallwood@live.co.uk","The Rusted Bumblebee","2026-02-14T13:27:37+00:00","Feb 16 2026 08:30 AM","delivered"
"dfRETxw01TczQCApIy0e","Laura","Taylor",,"laura.taylor@tekgroupltd.com","Tek Build","2026-02-14T13:27:37+00:00","Feb 16 2026 08:30 AM",""
"Hs0qT54QqVe4azdS0rDp",,,,"pete@techgrave.co.uk","Tech Grave","2026-02-14T13:27:37+00:00","Feb 16 2026 08:30 AM",""
"YAHE6KgUoUtK2Zub99NH",,,,"james.wooding@swale.at","Swale & Sittingbourne college","2026-02-14T13:27:36+00:00","Feb 16 2026 08:30 AM","delivered"
"ifqbmztVam5SxHzI5xlk",,,,"evanj@stormguard.co.uk","Storm Guard","2026-02-14T13:27:36+00:00","Feb 16 2026 08:30 AM",""
"34qimMqKy6W0tY3yntnG",,,,"pw@stormguard.co.uk","Storm Guard","2026-02-14T13:27:36+00:00","Feb 16 2026 08:30 AM",""
"GAsdPdlmRTFRdr8Wrrui",,,,"karl@storersltd.com","Storers Refrigeration","2026-02-14T13:27:35+00:00","Feb 16 2026 08:30 AM","delivered"
"xwXnEcVAVwNuFMeGYjmz",,,,"dave.hampton@stocks-ag.co.uk","Stocks AG","2026-02-14T13:27:35+00:00","Feb 16 2026 08:30 AM",""
"MMLSTjUoFfCkZ0tUEPFV",,,,"sets@steelthescene.co.uk","Steel the Scene","2026-02-14T13:27:35+00:00","Feb 16 2026 08:30 AM","clicked, clicked old"
"ywKl9bfl9FV9ucoM2r4m",,,,"mat@starkandgreensmith.com","Stark & Greensmith","2026-02-14T13:27:34+00:00","Feb 16 2026 08:30 AM","delivered"
"o0UEpUYsM2S3EPLigQhl",,,,"gavin@stairformwork.co.uk","Stairform Work","2026-02-14T13:27:34+00:00","Feb 16 2026 08:30 AM","opened"
"E4NjoWcBn5Q3Ndsw4nOX",,,,"grahamw@swprocess.co.uk","S & W Group","2026-02-14T13:27:34+00:00","Feb 16 2026 08:30 AM","active"
"jIKCs9pItbO9Bra3cDu3",,,,"kristina.walsh@rca.ac.uk","Royal College of Art London","2026-02-14T13:27:33+00:00","Mar 23 2026 04:45 PM","delivered"
"INmaOuMEktErOhOghnoE",,,,"jamie@roseeng.co.uk","Rose Engineering","2026-02-14T13:27:33+00:00","Feb 16 2026 08:30 AM","opened"
"4vud6MzXJU2CnS1eNl1t",,,,"tom.kyte@rolls-royce.com","Rolls Royce","2026-02-14T13:27:33+00:00","Feb 16 2026 08:30 AM","delivered"
"C4LgVSs9H2wX5I0gZORO",,,,"paul.dearden@redshield.uk.com","Redshield Engineering","2026-02-14T13:27:32+00:00","Feb 16 2026 08:30 AM","delivered"
"o0NXTvXvvhARgBhg5vOo",,,,"phil.richardson@polycrown.com","Polycrown","2026-02-14T13:27:32+00:00","Feb 16 2026 08:30 AM","delivered"
"fs4A9EBzjoelDKxW1RPK",,,,"dunstan_michael_j@perkins.com","Perkins engines","2026-02-14T13:27:32+00:00","Feb 16 2026 08:30 AM","clicked, clicked old"
"64cjLLyIj2bujPL1XGSJ","Paul","O'connor",,"paul.oconnor@passengerliftsolutions.com","Passenger Lift solutions","2026-02-14T13:27:31+00:00","Feb 16 2026 08:30 AM","opened"
"HDxuqTDt6PkcTKvou3gJ",,,,"chris.smith@orionmis.co.uk","Orion Mis","2026-02-14T13:27:31+00:00","Feb 16 2026 08:30 AM","delivered"
"QMmGzqS0lEBVqIGkM4K4",,,,"info@nitrafabrication.co.uk","Nitra Fabrications","2026-02-14T13:27:31+00:00","Feb 16 2026 08:30 AM","opened"
"IY6g9tD6DMv5xuNm0TLv",,,,"mrfoxsgarden@hotmail.com","Mr Foxs Garden","2026-02-14T13:27:30+00:00","Feb 16 2026 08:30 AM",""
"Fuf3Vk7VHl3cRRbSKdiE",,,,"jack.stone144@mod.gov.uk","MOD Dorset","2026-02-14T13:27:30+00:00","Feb 16 2026 08:30 AM","clicked, clicked old"
"cRMgITQJYYXaOQUXmA7g",,,,"james.lee@meyn.co.uk","Meyn Poultry Equipment","2026-02-14T13:27:30+00:00","Feb 16 2026 08:30 AM",""
"x7ZWtLdhFAZjxBeY0VDm",,,,"john@mccannsgroup.com","McCanns","2026-02-14T13:27:30+00:00","Feb 16 2026 08:30 AM","delivered"
"fZL957H3kS5FW6mAYQFQ","Andrew","Burr","+441462811212","andy@mblai.co.uk","MBL Ltd","2026-02-14T13:27:29+00:00","Mar 04 2026 09:15 AM",""
"uggzZ6OLZN3RxAEE0mNZ","J","Clifton",,"jclifton@lincolnutc.co.uk","Lincoln University","2026-02-14T13:27:29+00:00","Feb 16 2026 08:30 AM",""
"eUI079zpSyLux6p6cwmS",,,,"alex@sousvidetools.com","Leisure Products","2026-02-14T13:27:29+00:00","Feb 16 2026 08:30 AM",""
"eKIoVnITN8PxEyH8kExe",,,,"daniel.astarita@kesslers.com","Kesslers","2026-02-14T13:27:28+00:00","Feb 16 2026 08:30 AM","clicked, clicked old"
"29R4K9ReN5HI59rd5eFa",,,,"gmckinnell@jbcorrie.co.uk","JB Corrie","2026-02-14T13:27:28+00:00","Feb 16 2026 08:30 AM",""
"pvpC5CqjRoUmNTi2bi1e",,,,"luke@innovatefabrication.co.uk","Innovate Fabrication","2026-02-14T13:27:28+00:00","Feb 16 2026 08:30 AM","opened"
"v7UXlMoiTJtKHzJRE2Hk",,,,"ah@hhvent.co.uk","Harrison Hayes","2026-02-14T13:27:27+00:00","Feb 16 2026 08:30 AM",""
"DRQQ8TUkVeySPy83t9Ni",,,,"louis.clarke@envair.co.uk","Envair","2026-02-14T13:27:26+00:00","Feb 16 2026 08:30 AM","opened"
"orJb6mElpI89B0NVnkAV",,,,"terry.hughes@elmelin.com","Elmelin","2026-02-14T13:27:26+00:00","Feb 16 2026 08:30 AM","clicked, clicked old"
"SmcUmhKMUQDPivuYBFqw",,,,"stuart@denward.com","Denward","2026-02-14T13:27:26+00:00","Feb 16 2026 08:30 AM","delivered"
"DKvHeMYxQPwGGHWuVii2",,,,"vbw@cld-fencing.com","CLD Fencing","2026-02-14T13:27:25+00:00","Feb 16 2026 08:30 AM","clicked, clicked old"
"rbqCp5j0xW1sn7B863Xx",,,,"alex@gastronomyplus.com","Cinders BBQ","2026-02-14T13:27:25+00:00","Feb 16 2026 08:30 AM",""
"MT6qWm0oTbhsL1dQVbUo",,,,"jason@cflsteelservices.co.uk","CFL Steel services","2026-02-14T13:27:25+00:00","Feb 20 2026 10:45 AM","opened"
"BwwbNKq9mSk1gZZ3lVTY",,,,"joseph.douglas@cedlimited.com","CED","2026-02-14T13:27:24+00:00","Feb 16 2026 08:30 AM","opened"
"TCwNFtRdPJGjScVUfZqe",,,,"hello@benchdogs.co.uk","Benchdog Tools","2026-02-14T13:27:24+00:00","Feb 16 2026 08:30 AM","opened"
"8MkYANh4jZft1pHa4jHr",,,,"gary.lockward@balmoral.co.uk","Balmoral Tanks","2026-02-14T13:27:24+00:00","Feb 16 2026 08:30 AM",""
"3TGPXE6Jz5KlSk3RzCSJ",,,,"michael@bakerthompson.co.uk","Baker Thompson","2026-02-14T13:27:23+00:00","Feb 16 2026 08:30 AM","opened"
"k5SA8jEiJwh5v7s21pn6",,,,"accounts@autospin.co.uk","Autospin","2026-02-14T13:27:23+00:00","Feb 16 2026 08:30 AM","delivered"
"kRrLPikFg1hRSntZ1HzO",,,,"paul.jaggers@astonmartin.com","Aston Martin","2026-02-14T13:27:23+00:00","Feb 16 2026 08:30 AM","clicked, clicked old"
"ZYkT13aOHdj7MXmnZeu1",,,,"mitesh@arben.co.uk","Arben Precision","2026-02-14T13:27:22+00:00","Feb 16 2026 08:30 AM",""
"eEufMWc7ty8ar67SQiqO",,,,"rich@asdf.ltd","Anthony Sandford","2026-02-14T13:27:22+00:00","Feb 16 2026 08:30 AM","opened"
"x5TVJfXJj5Vikoovz2TX",,,,"ams.steveg@gmail.com","AMS Recovery","2026-02-14T13:27:22+00:00","Feb 16 2026 08:30 AM","opened"
"SCP0kjXauduSwDxmjLn1",,,,"andrew.steward@alsmechatronic.com","ALS Mechatronic","2026-02-14T13:27:21+00:00","Feb 16 2026 08:30 AM","delivered"
"C8iWqNZi4UnjfNORulMe",,,,"bob@ajp-stainless.co.uk","AJP Stainless","2026-02-14T13:27:21+00:00","Feb 16 2026 08:30 AM","delivered"
"JgRfiVBpXwcFC9e1JMlR",,,,"dave@abstractavr.com","Abstract AVR","2026-02-14T13:27:21+00:00","Feb 16 2026 08:30 AM","delivered"
"VrJMBHbUEGhWYIevRPnH",,,,"william.manners@a-tech.uk.com","A Tech Fabrications","2026-02-14T13:27:20+00:00","Feb 16 2026 08:30 AM","opened"
"ldhYjFgblBmsLHXUuvyt",,,"+441548855900","uk.sales@datumalloys.com","Datum Alloys","2026-02-13T18:15:54+00:00","Feb 16 2026 08:30 AM",""
"NrBStVNEtJ4fP1tegi5t",,,"+441902912277","sales@bcbinternational.co.uk","Barton Fabrications","2026-02-13T18:15:53+00:00","Feb 16 2026 08:30 AM","delivered"
"krlc7aUEyVChle3v389N",,,"+441530648400","sales@milturn.co.uk","Milturn","2026-02-13T18:15:53+00:00","Feb 16 2026 08:30 AM",""
"nCKS0N5RvIJv0URsa0IR",,,"+441912622882","sales@unicornsheetmetal.com","Unicorn Sheet Metal","2026-02-13T18:15:53+00:00","Feb 16 2026 08:30 AM","delivered"
"37bzDpYfsbSR3pDUQCyL",,,"+441934425405","laser@mejengineering.co.uk","MEJ Engineering","2026-02-13T18:15:52+00:00","Feb 16 2026 08:30 AM","delivered"
"2ZeTWZZwK5KBXPO683fH",,,"+441142617979","enquiries@mtladv.com","MTL","2026-02-13T18:15:52+00:00","Feb 16 2026 08:30 AM",""
"FLemS6hzQE00AYB383Kw",,,"+443332504536","info@brunelengraving.co.uk","Brunel Industrial Engineering","2026-02-13T18:15:52+00:00","Feb 16 2026 08:30 AM",""
"jdc07WGrZXOJP51dHBrE",,,"+442392219260","sales@pdssheetmetal.co.uk","PDS Sheet Metal","2026-02-13T18:15:51+00:00","Feb 16 2026 08:30 AM","delivered"
"yqE7PbCucji7Kt874Te1",,,"+441938559392","sales@brindleymetals.co.uk","Brindley Metals","2026-02-13T18:15:51+00:00","Feb 16 2026 08:30 AM",""
"dzkgjY1kvcySOan2e6JD",,,"+441394388154","stuart@wickensengineering.co.uk","Wickens Engineering","2026-02-13T18:15:51+00:00","Feb 16 2026 08:30 AM",""
"XPf2n4QpmBsEDPENrm1E",,,"+441215051736","admin@weld-qual-services.co.uk","Weld Qual Services","2026-02-13T18:15:49+00:00","Feb 16 2026 08:30 AM",""
"Z1VYuBV7bxFnlJccbnHA",,,"+441254700201","weclaser@wecl.co.uk","WEC Laser","2026-02-13T18:15:49+00:00","Feb 16 2026 08:30 AM",""
"kr4ZWR6S4SpXA87BuiYJ",,,"+441706541876","sales@waylandsheetmetal.co.uk","Wayland Sheet Metal","2026-02-13T18:15:49+00:00","Feb 16 2026 08:30 AM",""
"yIOFc9Tbnmu7dqiRMJC9",,,"+442476451636","sales@victoriasheetmetal.com","Victoria Shhet Metals","2026-02-13T18:15:48+00:00","Feb 16 2026 08:30 AM","delivered"
"XANIZEvlqxSuE0S47lm3",,,"+441489577786","sales@vandf.co.uk","V&F Sheetmetal Co. Ltd","2026-02-13T18:15:48+00:00","Feb 16 2026 08:30 AM",""
"ZHDsfogA6AMsqFWAZTq2",,,"+441215061080","laser@toptubes.co.uk","Top Tubes","2026-02-13T18:15:48+00:00","Feb 16 2026 08:30 AM",""
"AvfFzHXt9eI7JUB9cenl",,,"+441212422000","sales@tooling2000.co.uk","Tooling 2000","2026-02-13T18:15:47+00:00","Feb 16 2026 08:30 AM",""
"RLEGIrAUva9FURFJuEvZ",,,"+441254583008","info@tek-neek.net","Tek Neek","2026-02-13T18:15:47+00:00","Feb 16 2026 08:30 AM","delivered"
"LrnAaiGbhray5Wi3t6Z5",,,"+441666823491","enquiries@sweetnam-bradley.com","Sweetnam & Bradley LTD","2026-02-13T18:15:47+00:00","Feb 16 2026 08:30 AM",""
"aAzYvE94qe7PwRAjGYaS",,,"+441543379693","sales@staffsfabs.co.uk","Staffordshire Fabrications","2026-02-13T18:15:46+00:00","Feb 16 2026 08:30 AM","opened"
"G4zkRRLP8pCf34QHM9us",,,"+441264386600","info.uk@ssi-schaefer.com","SSI Schaefer","2026-02-13T18:15:46+00:00","Feb 16 2026 08:30 AM",""
"KK2wyPBojGg3BKD0LGMT",,,"+441527518550","sales@siriuspe.co.uk","Sirius SPE","2026-02-13T18:15:45+00:00","Feb 16 2026 08:30 AM",""
"fZkRVw78QIZOx8WMzILD",,,"+441603405040","sales@samsfabrications.co.uk","Sams Fabrications","2026-02-13T18:15:45+00:00","Feb 16 2026 08:30 AM","delivered"
"aGJaoCeEy3MnN55VWDE9",,,"+441162640606","info@saistonsheetmetal.com","Saiston","2026-02-13T18:15:45+00:00","Feb 16 2026 08:30 AM",""
"HJJSgX9JzvxIjeS0ndjj",,,"+441217894040","mail@rojaceng.com","Rojac Engineering","2026-02-13T18:15:44+00:00","Feb 16 2026 08:30 AM","unsubscribed"
"5ihdr2tln5oAaOURiOXV",,,"+441507304760","sales@ritefab.co.uk","Ritefab","2026-02-13T18:15:44+00:00","Feb 16 2026 08:30 AM","delivered"
"OZjsHQ540NEgM0fVZDG2",,,"+441386576996","production@qutecpershoreltd.com","Qu Tec","2026-02-13T18:15:44+00:00","Feb 16 2026 08:30 AM",""
"iWrsi7qRwaCIuz9Ip71B",,,"+441788543661","info@pt-engineers.co.uk","PT Engineers","2026-02-13T18:15:44+00:00","Feb 16 2026 08:30 AM",""
"c3NLeXrz3lCJMUdMoUGH",,,"+441619388080","sales@ppgroupltd.co.uk","PP Group","2026-02-13T18:15:43+00:00","Feb 16 2026 08:30 AM",""
"ogyR5FwlutZSmMgwRF4n",,,"+441782649844","sales@pkdsheetmetal.co.uk","PKD Sheet Metal","2026-02-13T18:15:43+00:00","Feb 16 2026 08:30 AM","delivered"
"loYym2lbjBa0LzvpOab1",,,,"optimumlaserltd@gmail.com","Optimum Laser","2026-02-13T18:15:42+00:00","Feb 16 2026 08:30 AM",""
"MyYBJMUnBWnev69umoIs",,,"+441912916008","ms@norfran.co.uk","Norfran","2026-02-13T18:15:42+00:00","Feb 16 2026 08:30 AM","delivered"
"iurRKq4qJ3AxZNRyVPjL",,,"+441948662629","info@needhamlaser.com","Needham Laser","2026-02-13T18:15:42+00:00","Feb 16 2026 08:30 AM","opened"
"xmEJjaw4xglXVT3uduVn",,,,"martin@mwfes.net","MWF Engineering","2026-02-13T18:15:41+00:00","Feb 16 2026 08:30 AM","delivered"
"DZ2Bc4vYkfeJuhnb7VGy",,,"+441827794554","midlandsmetalworks@gmail.com","Midlands Metalworks","2026-02-13T18:15:41+00:00","Feb 16 2026 08:30 AM","opened"
"uSBtRc43TUh55xsXZOH9",,,"+441522509999","sales@micrometric.co.uk","Micrometric","2026-02-13T18:15:41+00:00","Feb 16 2026 08:30 AM","delivered"
"sz4WEfnnHzu5DVMX1iRl",,,"+441922459970","sales@metalformseng.co.uk","Metal forms engineering","2026-02-13T18:15:40+00:00","Feb 16 2026 08:30 AM","delivered"
"dW6ytIz3nAz7pcBBGjPE",,,"+442476465962","sales@lfeeng.co.uk","LFE Engineering","2026-02-13T18:15:40+00:00","Feb 16 2026 08:30 AM",""
"BQiSK7ZIPaZRJGuD6nsP",,,"+442476641272","sales@kramsheetmetal.com","Kram Sheet Metal","2026-02-13T18:15:39+00:00","Feb 16 2026 08:30 AM",""
"HU7B2IReEXusUc8L75an",,,"+441225753894","info@kneesengineering.co.uk","Knees Engineering","2026-02-13T18:15:39+00:00","Feb 16 2026 08:30 AM",""
"y8sjA69zP5FqpmqSJnbk",,,"+441487840885","enquiries@klmeng.co.uk","KLM Engineering","2026-02-13T18:15:38+00:00","Feb 16 2026 08:30 AM",""
"uH5LGvtqTL9RWevwsAbs",,,"+441922277273","enquiries@kencar.co.uk","Kencar","2026-02-13T18:15:38+00:00","Feb 16 2026 08:30 AM",""
"RTq7YIvGc56CpTKzJoky",,,"+441902305530","sales@jcel.co.uk","Jenks & Cattell","2026-02-13T18:15:38+00:00","Feb 16 2026 08:30 AM",""
"YcBzdnUwIOtCsS41uYrC",,,"+442476516100","info@htagroup.co.uk","HTA","2026-02-13T18:15:37+00:00","Feb 16 2026 08:30 AM",""
"k8v55ZuPX3F3zZ2g58UB",,,"+441952632100","sales@hitherbest.co.uk","Hitherbest","2026-02-13T18:15:37+00:00","Feb 16 2026 08:30 AM",""
"ol9gtGUddhFZKMRLuHo8",,,"+441604499200","info@hendfab.com","Henderson Fabrications","2026-02-13T18:15:36+00:00","Feb 16 2026 08:30 AM","delivered"
"W56kQCbCQH3Q1ox7iPBM",,,"+442476361313","admin@harryburrows.co.uk","Harry Burrows","2026-02-13T18:15:36+00:00","Feb 16 2026 08:30 AM","delivered"
"ma2MmE1VzFKnGourIjdO",,,"+441937586987","sheetmetal@gsmvaltech.co.uk","GSM Valtech","2026-02-13T18:15:36+00:00","Feb 16 2026 08:30 AM","delivered"
"sTtIAWhz9rcr4WmuC22z",,,"+441782577929","sales@grenville-engineering.co.uk","Grenville Engineering","2026-02-13T18:15:35+00:00","Feb 16 2026 08:30 AM","delivered"
"nqTdc9r4gVkfY2iLjNgh",,,"+441673860881","gkrsheetmetal@outlook.com","GKR","2026-02-13T18:15:35+00:00","Feb 16 2026 08:30 AM","opened"
"do380fVUdekRIrvClVE4",,,"+441440762561","sales@fsm.co.uk","FSM","2026-02-13T18:15:34+00:00","Feb 16 2026 08:30 AM","delivered"
"rYzOQAVbmZXM3zQauEmV",,,"+441684299156","info@emsea.com","EMSEA","2026-02-13T18:15:34+00:00","Feb 16 2026 08:30 AM","delivered"
"kqjYwyhSHUgo71c7nu1U",,,"+441628777391","sales@dmsstainless.co.uk","DMS Stainless","2026-02-13T18:15:34+00:00","Feb 16 2026 08:30 AM","clicked, clicked old"
"WWjq2RFhBWkRLJCPA9Aw",,,,"sales@dero.co.uk","Dero Ltd","2026-02-13T18:15:33+00:00","Feb 16 2026 08:30 AM","opened"
"wC9mYUjnbBOlDwWv4Mzd",,,"+441252317905","dawn@dcvprecision.co.uk","DCV Precision","2026-02-13T18:15:33+00:00","Feb 16 2026 08:30 AM",""
"P0EoSPx5nCH5Nqz5quDd",,,"+441765522222","sales@dmdesignfabrication.co.uk","D&M Design & Fabrication","2026-02-13T18:15:32+00:00","Feb 16 2026 08:30 AM","delivered"
"9PgOJoeRetvVMakznzEY",,,"+441332872274","info@croftengineering.co.uk","Croft Engineering","2026-02-13T18:15:32+00:00","Feb 16 2026 08:30 AM",""
"DQcPGFPg3Y7rF0qVAr76",,,"+442380671564","info@clarke-lane.co.uk","Clarke Lane Engineering","2026-02-13T18:15:32+00:00","Feb 16 2026 08:30 AM","delivered"
"Q2QMFC36WpjPSvSsdAtO",,,"+441527520355","info@centrallaserservices.co.uk","Central Laser Services","2026-02-13T18:15:31+00:00","Feb 16 2026 08:30 AM",""
"88IamT8OevOqojCrZD1j",,,"+441902457222","info@bcfabrications.co.uk","BC Fabrications","2026-02-13T18:15:31+00:00","Feb 16 2026 08:30 AM","delivered, bounced"
"aSubx0jfjRInQIHQOL3B",,,"+441162754106","info@avwf.uk.com","AVW Fabrications","2026-02-13T18:15:30+00:00","Feb 16 2026 08:30 AM",""
"Mq5AFk5KPvozuUKcoDcJ",,,"+441744817952","enquiries@alpha1sml.co.uk","Alpha 1 Sheet Metal","2026-02-13T18:15:30+00:00","Feb 16 2026 08:30 AM","delivered"
"WEaOMKagEREl9Lz23QqK",,,"+441795661207","sales@allbart.com","Allbart","2026-02-13T18:15:30+00:00","Feb 16 2026 08:30 AM",""
"uDooSYcFgo9AvW9Zc5nN",,,"+441805622461","sales@alcoeng.co.uk","Alco Engineering","2026-02-13T18:15:29+00:00","Feb 16 2026 08:30 AM","delivered"
"lfEUtz5dPy0sQjegblDE",,,"+443303501101","info@3343.co.uk","3342 Ltd","2026-02-13T18:15:29+00:00","Feb 16 2026 08:30 AM",""
"m47vVLUc45AmAwMJjt7z",,,"+441737701088",,,"2026-02-06T12:34:35+00:00","Feb 06 2026 12:34 PM",""
"mRGJn7kxRdfjSUNtkCd3","Martine","Webb-jenkins","+447515422992","martine@starkandgreensmith.com",,"2026-02-05T10:46:22+00:00","Feb 10 2026 10:47 AM",""
"BjUZA5Pr1OMXPCcExVwd",,,"+441992937058",,,"2026-02-05T07:27:35+00:00","Feb 05 2026 07:27 AM",""
"8gDNwdkm34BFdEaYLyKj","Duct","Fab ltd","+447908741092","accounts@duct-fab.co.uk",,"2026-02-04T11:07:14+00:00","Feb 20 2026 10:28 AM",""
"gCIrbOlMRrIVd5BbNm01",,,,"marknoblett@btinternet.com",,"2026-02-03T16:01:20+00:00","Feb 03 2026 04:01 PM",""
"wsPMdBfGm9KLCTQoyRCF",,,,"mark.noblett@scania.com",,"2026-02-03T16:01:20+00:00","Feb 03 2026 04:01 PM",""
"1khSeXPHwinRCTJRNBYL",,,,"beckynoblett@gmail.com",,"2026-01-31T19:16:16+00:00","Feb 01 2026 04:03 PM",""
"rPE5kYHfU4bva7KGIi6D",,,,"brad@thedigicraft.co.uk",,"2026-01-31T18:59:22+00:00","Jan 31 2026 06:59 PM",""
"0XiRxsIgH1JYxbDRktyr","Jahan","Zaib","+923333333333","jahan@mycrmsupport.com",,"2026-01-09T15:38:29+00:00","Jan 09 2026 03:38 PM",""
"9csAoDRgogPXaCGEnFZi","William","Manners","+441325304033","admin@a-tech.uk.com",,"2026-01-09T13:11:10+00:00","Feb 08 2026 09:20 PM",""
"wGirWMoUba9vmM3yLNw5","Michael","Jacques","+447768031705","mail@mejj.co.uk",,"2025-12-06T15:34:54+00:00","Feb 13 2026 09:19 PM",""
"W54OhxMfZ6vp28ceWIUm",,,,"ryanb@isobexlasers.co.uk",,"2025-12-05T10:05:43+00:00","Mar 09 2026 02:11 PM",""
"gh4ekdnT4IE7Lh6zvSip","Brad","Farrington","+447951783385","brad9629@icloud.com",,"2025-12-05T10:05:33+00:00","Feb 10 2026 08:49 AM",""
"XZKGdMMzdqsdCHYxzOaL","W","Leech joinery and coachworks ltd","+447976017523","stecarr@msn.com",,"2025-11-27T15:12:20+00:00","Nov 27 2025 03:24 PM",""
"Sjojl5XWwVWDZyeQ8f28",,,"+441827214455",,,"2025-10-24T05:20:28+01:00","Oct 24 2025 05:20 AM",""
"xk7ocZDWUJ6MiyLsGP8X","Mark","Noblett","+447973786037","isobexlasers@gmail.com","ISOBEX Lasers","2025-10-13T17:39:43+01:00","Feb 20 2026 08:19 AM",""
"zfbTyg5oWXICJVoBSNsS",,,"+447344114503",,,"2025-10-10T14:40:34+01:00","Oct 24 2025 08:56 AM",""
"KQQOqODJOejH5tnLnADO","Ryan","Benson","+447480368774","ryanbenson2192@gmail.com",,"2025-10-03T12:00:35+01:00","Jan 31 2026 07:00 PM",""
"gp5urhAL1yGj6qMuUrOo",,,,"markn@isobexlasers.co.uk",,"2025-10-03T12:00:03+01:00","Mar 09 2026 02:11 PM",""
