Product Name,Variant,SKU,Available Quantity,Track Inventory,Continue Selling
"Protective Lens 37 x 7 6KW (Pack of 5)","Protective Lens 37 x 7 6KW (Pack of 5)","NO SKU","15","true","false"
"D32 H15-M14 Double Layer Nozzle (Pack of 10)","1.5","NO SKU","3","true","false"
"D32 H15-M14 Double Layer Nozzle (Pack of 10)","1.0","NO SKU","4","true","false"
"D32 H15-M14 Double Layer Nozzle (Pack of 10)","4.0","NO SKU","2","true","false"
"D32 H15-M14 Double Layer Nozzle (Pack of 10)","3.5","NO SKU","2","true","false"
"D32 H15-M14 Double Layer Nozzle (Pack of 10)","3.0","NO SKU","2","true","false"
"D32 H15-M14 Double Layer Nozzle (Pack of 10)","2.5","NO SKU","2","true","false"
"D32 H15-M14 Double Layer Nozzle (Pack of 10)","2.0","NO SKU","4","true","false"
"D32 H15-M14 Double Layer Nozzle (Pack of 10)","1.8","NO SKU","5","true","false"
"D32 H15-M14 Double Layer Nozzle (Pack of 10)","1.6","NO SKU","5","true","false"
"D32 H15-M14 Double Layer Nozzle (Pack of 10)","1.4","NO SKU","5","true","false"
"D32 H15-M14 Double Layer Nozzle (Pack of 10)","1.3","NO SKU","5","true","false"
"D32 H15-M14 Double Layer Nozzle (Pack of 10)","1.2","NO SKU","5","true","false"
"D32 H15-M14 Double Layer Nozzle (Pack of 10)","0.8","NO SKU","5","true","false"
"Protective Lens 27.9 x 4.11 (Pack of 5)","Protective Lens 27.9 x 4.11 (Pack of 5)","NO SKU","18","true","false"
"Ceramic Body Dia. 32 / M14","Ceramic Body Dia. 32 / M14","NO SKU","16","true","false"
"D28 H11-M11 Double Layer Nozzle (Pack of 10)","1.3","NO SKU","5","true","false"
"D28 H11-M11 Double Layer Nozzle (Pack of 10)","4.0","NO SKU","2","true","false"
"D28 H11-M11 Double Layer Nozzle (Pack of 10)","3.5","NO SKU","2","true","false"
"D28 H11-M11 Double Layer Nozzle (Pack of 10)","3.0","NO SKU","2","true","false"
"D28 H11-M11 Double Layer Nozzle (Pack of 10)","2.5","NO SKU","2","true","false"
"D28 H11-M11 Double Layer Nozzle (Pack of 10)","2.0","NO SKU","5","true","false"
"D28 H11-M11 Double Layer Nozzle (Pack of 10)","1.8","NO SKU","5","true","false"
"D28 H11-M11 Double Layer Nozzle (Pack of 10)","1.6","NO SKU","5","true","false"
"D28 H11-M11 Double Layer Nozzle (Pack of 10)","1.5","NO SKU","5","true","false"
"D28 H11-M11 Double Layer Nozzle (Pack of 10)","1.4","NO SKU","5","true","false"
"D28 H11-M11 Double Layer Nozzle (Pack of 10)","1.2","NO SKU","5","true","false"
"D28 H11-M11 Double Layer Nozzle (Pack of 10)","1.0","NO SKU","5","true","false"
"D28 H11-M11 Double Layer Nozzle (Pack of 10)","0.8","NO SKU","5","true","false"
"D32 H15-M14 Single Layer Nozzle (Pack of 10)","2.0","NO SKU","4","true","false"
"D32 H15-M14 Single Layer Nozzle (Pack of 10)","2.5","NO SKU","1","true","false"
"D32 H15-M14 Single Layer Nozzle (Pack of 10)","4.0","NO SKU","2","true","false"
"D32 H15-M14 Single Layer Nozzle (Pack of 10)","3.5","NO SKU","2","true","false"
"D32 H15-M14 Single Layer Nozzle (Pack of 10)","3.0","NO SKU","2","true","false"
"D32 H15-M14 Single Layer Nozzle (Pack of 10)","1.8","NO SKU","5","true","false"
"D32 H15-M14 Single Layer Nozzle (Pack of 10)","1.6","NO SKU","5","true","false"
"D32 H15-M14 Single Layer Nozzle (Pack of 10)","1.5","NO SKU","5","true","false"
"D32 H15-M14 Single Layer Nozzle (Pack of 10)","1.4","NO SKU","5","true","false"
"D32 H15-M14 Single Layer Nozzle (Pack of 10)","1.3","NO SKU","5","true","false"
"D32 H15-M14 Single Layer Nozzle (Pack of 10)","1.2","NO SKU","5","true","false"
"D32 H15-M14 Single Layer Nozzle (Pack of 10)","1.0","NO SKU","5","true","false"
"D32 H15-M14 Single Layer Nozzle (Pack of 10)","0.8","NO SKU","5","true","false"
"Ceramic Body Dia. 19.5 / M8","Ceramic Body Dia. 19.5 / M8","NO SKU","20","true","false"
"Seal Ring 32.2 x 2.4 x 3.55mm","Seal Ring 32.2 x 2.4 x 3.55mm","NO SKU","20","true","false"
"Ceramic Body Dia. 28 / M11","Ceramic Body Dia. 28 / M11","NO SKU","20","true","false"
"D28 H11-M11 Top Hat Single Layer Nozzle (Pack of 10)","4.0","NO SKU","2","true","false"
"D28 H11-M11 Top Hat Single Layer Nozzle (Pack of 10)","3.5","NO SKU","2","true","false"
"D28 H11-M11 Top Hat Single Layer Nozzle (Pack of 10)","3.0","NO SKU","2","true","false"
"D28 H11-M11 Top Hat Single Layer Nozzle (Pack of 10)","2.5","NO SKU","2","true","false"
"D28 H11-M11 Top Hat Single Layer Nozzle (Pack of 10)","2.0","NO SKU","5","true","false"
"D28 H11-M11 Top Hat Single Layer Nozzle (Pack of 10)","1.8","NO SKU","5","true","false"
"D28 H11-M11 Top Hat Single Layer Nozzle (Pack of 10)","1.6","NO SKU","5","true","false"
"D28 H11-M11 Top Hat Single Layer Nozzle (Pack of 10)","1.5","NO SKU","5","true","false"
"D28 H11-M11 Top Hat Single Layer Nozzle (Pack of 10)","1.4","NO SKU","5","true","false"
"D28 H11-M11 Top Hat Single Layer Nozzle (Pack of 10)","1.3","NO SKU","5","true","false"
"D28 H11-M11 Top Hat Single Layer Nozzle (Pack of 10)","1.2","NO SKU","5","true","false"
"D28 H11-M11 Top Hat Single Layer Nozzle (Pack of 10)","1.0","NO SKU","5","true","false"
"D28 H11-M11 Top Hat Single Layer Nozzle (Pack of 10)","0.8","NO SKU","5","true","false"
"D28 H15-M11 Double Layer Nozzle (Pack of 10)","4.0","NO SKU","2","true","false"
"D28 H15-M11 Double Layer Nozzle (Pack of 10)","3.5","NO SKU","2","true","false"
"D28 H15-M11 Double Layer Nozzle (Pack of 10)","3.0","NO SKU","2","true","false"
"D28 H15-M11 Double Layer Nozzle (Pack of 10)","2.5","NO SKU","1","true","false"
"D28 H15-M11 Double Layer Nozzle (Pack of 10)","2.0","NO SKU","4","true","false"
"D28 H15-M11 Double Layer Nozzle (Pack of 10)","1.8","NO SKU","5","true","false"
"D28 H15-M11 Double Layer Nozzle (Pack of 10)","1.6","NO SKU","4","true","false"
"D28 H15-M11 Double Layer Nozzle (Pack of 10)","1.5","NO SKU","5","true","false"
"D28 H15-M11 Double Layer Nozzle (Pack of 10)","1.4","NO SKU","3","true","false"
"D28 H15-M11 Double Layer Nozzle (Pack of 10)","1.3","NO SKU","5","true","false"
"D28 H15-M11 Double Layer Nozzle (Pack of 10)","1.2","NO SKU","4","true","false"
"D28 H15-M11 Double Layer Nozzle (Pack of 10)","1.0","NO SKU","5","true","false"
"D28 H15-M11 Double Layer Nozzle (Pack of 10)","0.8","NO SKU","5","true","false"
"D28 H15-M11 Single Layer Nozzle (Pack of 10)","4.0","NO SKU","2","true","false"
"D28 H15-M11 Single Layer Nozzle (Pack of 10)","3.5","NO SKU","2","true","false"
"D28 H15-M11 Single Layer Nozzle (Pack of 10)","3.0","NO SKU","1","true","false"
"D28 H15-M11 Single Layer Nozzle (Pack of 10)","2.5","NO SKU","1","true","false"
"D28 H15-M11 Single Layer Nozzle (Pack of 10)","2.0","NO SKU","5","true","false"
"D28 H15-M11 Single Layer Nozzle (Pack of 10)","1.8","NO SKU","5","true","false"
"D28 H15-M11 Single Layer Nozzle (Pack of 10)","1.6","NO SKU","5","true","false"
"D28 H15-M11 Single Layer Nozzle (Pack of 10)","1.5","NO SKU","5","true","false"
"D28 H15-M11 Single Layer Nozzle (Pack of 10)","1.4","NO SKU","5","true","false"
"D28 H15-M11 Single Layer Nozzle (Pack of 10)","1.3","NO SKU","5","true","false"
"D28 H15-M11 Single Layer Nozzle (Pack of 10)","1.2","NO SKU","5","true","false"
"D28 H15-M11 Single Layer Nozzle (Pack of 10)","1.0","NO SKU","5","true","false"
"D28 H15-M11 Single Layer Nozzle (Pack of 10)","0.8","NO SKU","5","true","false"
"D15 H19-M8 3D Double Layer Nozzle (Pack of 10)","4.0","NO SKU","2","true","false"
"D15 H19-M8 3D Double Layer Nozzle (Pack of 10)","3.5","NO SKU","2","true","false"
"D15 H19-M8 3D Double Layer Nozzle (Pack of 10)","3.0","NO SKU","2","true","false"
"D15 H19-M8 3D Double Layer Nozzle (Pack of 10)","2.5","NO SKU","2","true","false"
"D15 H19-M8 3D Double Layer Nozzle (Pack of 10)","2.0","NO SKU","5","true","false"
"D15 H19-M8 3D Double Layer Nozzle (Pack of 10)","1.8","NO SKU","5","true","false"
"D15 H19-M8 3D Double Layer Nozzle (Pack of 10)","1.6","NO SKU","5","true","false"
"D15 H19-M8 3D Double Layer Nozzle (Pack of 10)","1.5","NO SKU","5","true","false"
"D15 H19-M8 3D Double Layer Nozzle (Pack of 10)","1.4","NO SKU","4","true","false"
"D15 H19-M8 3D Double Layer Nozzle (Pack of 10)","1.3","NO SKU","5","true","false"
"D15 H19-M8 3D Double Layer Nozzle (Pack of 10)","1.2","NO SKU","5","true","false"
"D15 H19-M8 3D Double Layer Nozzle (Pack of 10)","1.0","NO SKU","5","true","false"
"D15 H19-M8 3D Double Layer Nozzle (Pack of 10)","0.8","NO SKU","5","true","false"
"D15 H19-M8 3D Single Layer Nozzle (Pack of 10)","4.0","NO SKU","2","true","false"
"D15 H19-M8 3D Single Layer Nozzle (Pack of 10)","3.5","NO SKU","2","true","false"
"D15 H19-M8 3D Single Layer Nozzle (Pack of 10)","3.0","NO SKU","2","true","false"
"D15 H19-M8 3D Single Layer Nozzle (Pack of 10)","2.5","NO SKU","2","true","false"
"D15 H19-M8 3D Single Layer Nozzle (Pack of 10)","2.0","NO SKU","5","true","false"
"D15 H19-M8 3D Single Layer Nozzle (Pack of 10)","1.8","NO SKU","5","true","false"
"D15 H19-M8 3D Single Layer Nozzle (Pack of 10)","1.6","NO SKU","5","true","false"
"D15 H19-M8 3D Single Layer Nozzle (Pack of 10)","1.5","NO SKU","4","true","false"
"D15 H19-M8 3D Single Layer Nozzle (Pack of 10)","1.4","NO SKU","5","true","false"
"D15 H19-M8 3D Single Layer Nozzle (Pack of 10)","1.3","NO SKU","5","true","false"
"D15 H19-M8 3D Single Layer Nozzle (Pack of 10)","1.2","NO SKU","4","true","false"
"D15 H19-M8 3D Single Layer Nozzle (Pack of 10)","1.0","NO SKU","5","true","false"
"D15 H19-M8 3D Single Layer Nozzle (Pack of 10)","0.8","NO SKU","5","true","false"
"Seal Ring 42.2 x 4 x 3.2mm","Seal Ring 42.2 x 4 x 3.2mm","NO SKU","20","true","false"
"Protective Lens 27.9 x 1.5 (Pack of 5)","Protective Lens 27.9 x 1.5 (Pack of 5)","NO SKU","20","true","false"
